<PackageItem xmlns:tcm="http://www.tridion.com/ContentManager/5.0" xmlns:xlink="http://www.w3.org/1999/xlink" xmlns="http://www.sdltridion.com/ContentManager/ImportExport/Package/2013">
  <BinaryFileLocation>Binaries\2-4458.ico</BinaryFileLocation>
  <Data>
    <tcm:Data>
      <tcm:Title>Favicon</tcm:Title>
      <tcm:Type>Multimedia</tcm:Type>
      <tcm:Schema xlink:type="simple" xlink:title="Favicon" xlink:href="/webdav/100%20Master/Building%20Blocks/Framework/Site%20Manager/Schemas/Favicon.xsd" IsMandatory="false" />
      <tcm:Content />
      <tcm:Metadata />
      <tcm:IsBasedOnTridionWebSchema>true</tcm:IsBasedOnTridionWebSchema>
      <tcm:MultimediaType xlink:type="simple" xlink:title="Favicon" xlink:href="tcm:0-23-65544" />
      <tcm:MultimediaFilename>favicon.ico</tcm:MultimediaFilename>
      <tcm:MultimediaFileSize>9408</tcm:MultimediaFileSize>
      <tcm:IsExternalMultimediaFile>false</tcm:IsExternalMultimediaFile>
    </tcm:Data>
  </Data>
  <Dependencies>
    <Dependency dependencyType="Publication" itemUrl="/webdav/100%20Master" linkName="LocationInfo/ContextRepository" />
    <Dependency dependencyType="OrganizationalItemFolder" itemUrl="/webdav/100%20Master/Building%20Blocks/Settings/Core/Site%20Manager" linkName="LocationInfo/OrganizationalItem" />
    <Dependency dependencyType="MultimediaType" itemUrl="/webdav//Favicon.tmt" linkName="BinaryContent/MultimediaType" />
    <Dependency dependencyType="Schema" itemUrl="/webdav/100%20Master/Building%20Blocks/Framework/Site%20Manager/Schemas/Favicon.xsd" linkName="Schema" />
  </Dependencies>
</PackageItem>