<PackageItem xmlns:tcm="http://www.tridion.com/ContentManager/5.0" xmlns:xlink="http://www.w3.org/1999/xlink" xmlns="http://www.sdltridion.com/ContentManager/ImportExport/Package/2013">
  <Data>
    <tcm:Data>
      <tcm:Title>Core</tcm:Title>
      <tcm:Type>Normal</tcm:Type>
      <tcm:Schema xlink:type="simple" xlink:title="Module Configuration" xlink:href="/webdav/100%20Master/Building%20Blocks/Framework/Developer/Schemas/Module%20Configuration.xsd" IsMandatory="false" />
      <tcm:Content>
        <ModuleConfiguration xmlns="http://www.sdl.com/web/schemas/core">
          <name>Core</name>
          <softwareVersion>1.6</softwareVersion>
          <isActive>Yes</isActive>
          <furtherConfiguration xmlns:xlink="http://www.w3.org/1999/xlink" xlink:href="/webdav/100%20Master/Building%20Blocks/Settings/Core/Admin/Environment%20Configuration.xml" xlink:title="Environment Configuration" />
          <furtherConfiguration xmlns:xlink="http://www.w3.org/1999/xlink" xlink:href="/webdav/100%20Master/Building%20Blocks/Settings/Core/Site%20Manager/Site%20Configuration.xml" xlink:title="Site Configuration" />
          <furtherConfiguration xmlns:xlink="http://www.w3.org/1999/xlink" xlink:href="/webdav/100%20Master/Building%20Blocks/Settings/Core/Site%20Manager/Localization%20Configuration.xml" xlink:title="Localization Configuration" />
          <resource xmlns:xlink="http://www.w3.org/1999/xlink" xlink:href="/webdav/100%20Master/Building%20Blocks/Settings/Core/Site%20Manager/Core%20Resources.xml" xlink:title="Core Resources" />
          <resource xmlns:xlink="http://www.w3.org/1999/xlink" xlink:href="/webdav/100%20Master/Building%20Blocks/Settings/Core/Site%20Manager/Custom%20Resources.xml" xlink:title="Custom Resources" />
          <designConfiguration xmlns:xlink="http://www.w3.org/1999/xlink" xlink:href="/webdav/100%20Master/Building%20Blocks/Settings/Core/Site%20Manager/HTML%20Design%20Configuration.xml" xlink:title="HTML Design Configuration" />
        </ModuleConfiguration>
      </tcm:Content>
      <tcm:Metadata />
      <tcm:IsBasedOnTridionWebSchema>true</tcm:IsBasedOnTridionWebSchema>
      <tcm:MultimediaType xlink:type="simple" xlink:title="" xlink:href="tcm:0-0-0" />
    </tcm:Data>
  </Data>
  <Dependencies>
    <Dependency dependencyType="Publication" itemUrl="/webdav/100%20Master" linkName="LocationInfo/ContextRepository" />
    <Dependency dependencyType="OrganizationalItemFolder" itemUrl="/webdav/100%20Master/Building%20Blocks/Modules/Core/Admin" linkName="LocationInfo/OrganizationalItem" />
    <Dependency dependencyType="LinkedComponent" itemUrl="/webdav/100%20Master/Building%20Blocks/Settings/Core/Admin/Environment%20Configuration.xml" linkName="Content" xpath="*[local-name() = 'ModuleConfiguration'][1]/*[local-name() = 'furtherConfiguration'][1]/@xlink:href" />
    <Dependency dependencyType="LinkedComponent" itemUrl="/webdav/100%20Master/Building%20Blocks/Settings/Core/Site%20Manager/Site%20Configuration.xml" linkName="Content" xpath="*[local-name() = 'ModuleConfiguration'][1]/*[local-name() = 'furtherConfiguration'][2]/@xlink:href" />
    <Dependency dependencyType="LinkedComponent" itemUrl="/webdav/100%20Master/Building%20Blocks/Settings/Core/Site%20Manager/Localization%20Configuration.xml" linkName="Content" xpath="*[local-name() = 'ModuleConfiguration'][1]/*[local-name() = 'furtherConfiguration'][3]/@xlink:href" />
    <Dependency dependencyType="LinkedComponent" itemUrl="/webdav/100%20Master/Building%20Blocks/Settings/Core/Site%20Manager/Core%20Resources.xml" linkName="Content" xpath="*[local-name() = 'ModuleConfiguration'][1]/*[local-name() = 'resource'][1]/@xlink:href" />
    <Dependency dependencyType="LinkedComponent" itemUrl="/webdav/100%20Master/Building%20Blocks/Settings/Core/Site%20Manager/Custom%20Resources.xml" linkName="Content" xpath="*[local-name() = 'ModuleConfiguration'][1]/*[local-name() = 'resource'][2]/@xlink:href" />
    <Dependency dependencyType="LinkedComponent" itemUrl="/webdav/100%20Master/Building%20Blocks/Settings/Core/Site%20Manager/HTML%20Design%20Configuration.xml" linkName="Content" xpath="*[local-name() = 'ModuleConfiguration'][1]/*[local-name() = 'designConfiguration'][1]/@xlink:href" />
    <Dependency dependencyType="Schema" itemUrl="/webdav/100%20Master/Building%20Blocks/Framework/Developer/Schemas/Module%20Configuration.xsd" linkName="Schema" />
  </Dependencies>
</PackageItem>