<PackageItem xmlns:tcm="http://www.tridion.com/ContentManager/5.0" xmlns:xlink="http://www.w3.org/1999/xlink" xmlns="http://www.sdltridion.com/ContentManager/ImportExport/Package/2013">
  <PrimaryBlueprintParentUrl>/webdav/110%20DXA%20Site%20Type/Home/_System/include/Header.tpg</PrimaryBlueprintParentUrl>
  <Data>
    <tcm:Data>
      <tcm:Title>Header</tcm:Title>
      <tcm:FileName>header</tcm:FileName>
      <tcm:PageTemplate IsInherited="true" xlink:type="simple" xlink:title="Include Page" xlink:href="/webdav/400%20Example%20Site/Building%20Blocks/Modules/Core/Site%20Manager/Templates/Include%20Page.tptcmp" />
      <tcm:ComponentPresentations>
        <tcm:ComponentPresentation>
          <tcm:Component xlink:type="simple" xlink:title="Header" xlink:href="/webdav/400%20Example%20Site/Building%20Blocks/Content/_Structure/Header/Header.xml" />
          <tcm:ComponentTemplate xlink:type="simple" xlink:title="Header Logo [Logo]" xlink:href="/webdav/400%20Example%20Site/Building%20Blocks/Modules/Core/Site%20Manager/Templates/Header%20Logo%20%5BLogo%5D.tctcmp" />
          <tcm:Conditions />
        </tcm:ComponentPresentation>
        <tcm:ComponentPresentation>
          <tcm:Component xlink:type="simple" xlink:title="Header Links" xlink:href="/webdav/400%20Example%20Site/Building%20Blocks/Content/_Structure/Header/Header%20Links.xml" />
          <tcm:ComponentTemplate xlink:type="simple" xlink:title="Header Links [Nav]" xlink:href="/webdav/400%20Example%20Site/Building%20Blocks/Modules/Core/Site%20Manager/Templates/Header%20Links%20%5BNav%5D.tctcmp" />
          <tcm:Conditions />
        </tcm:ComponentPresentation>
        <tcm:ComponentPresentation>
          <tcm:Component xlink:type="simple" xlink:title="Language Selector Configuration" xlink:href="/webdav/400%20Example%20Site/Building%20Blocks/Settings/Core/Site%20Manager/Language%20Selector%20Configuration.xml" />
          <tcm:ComponentTemplate xlink:type="simple" xlink:title="Language Selector [Nav]" xlink:href="/webdav/400%20Example%20Site/Building%20Blocks/Modules/Core/Site%20Manager/Templates/Language%20Selector%20%5BNav%5D.tctcmp" />
          <tcm:Conditions />
        </tcm:ComponentPresentation>
        <tcm:ComponentPresentation>
          <tcm:Component xlink:type="simple" xlink:title="Navigation Configuration" xlink:href="/webdav/400%20Example%20Site/Building%20Blocks/Settings/Core/Site%20Manager/Navigation%20Configuration.xml" />
          <tcm:ComponentTemplate xlink:type="simple" xlink:title="Top Navigation [Nav]" xlink:href="/webdav/400%20Example%20Site/Building%20Blocks/Modules/Core/Site%20Manager/Templates/Top%20Navigation%20%5BNav%5D.tctcmp" />
          <tcm:Conditions />
        </tcm:ComponentPresentation>
        <tcm:ComponentPresentation>
          <tcm:Component xlink:type="simple" xlink:title="Old Browser bar" xlink:href="/webdav/400%20Example%20Site/Building%20Blocks/Content/_Structure/Header/Old%20Browser%20bar.xml" />
          <tcm:ComponentTemplate xlink:type="simple" xlink:title="Old Browser Notification Bar [Info]" xlink:href="/webdav/400%20Example%20Site/Building%20Blocks/Modules/Core/Site%20Manager/Templates/Old%20Browser%20Notification%20Bar%20%5BInfo%5D.tctcmp" />
          <tcm:Conditions />
        </tcm:ComponentPresentation>
        <tcm:ComponentPresentation>
          <tcm:Component xlink:type="simple" xlink:title="Cookie bar" xlink:href="/webdav/400%20Example%20Site/Building%20Blocks/Content/_Structure/Header/Cookie%20bar.xml" />
          <tcm:ComponentTemplate xlink:type="simple" xlink:title="Cookie Notification Bar [Info]" xlink:href="/webdav/400%20Example%20Site/Building%20Blocks/Modules/Core/Site%20Manager/Templates/Cookie%20Notification%20Bar%20%5BInfo%5D.tctcmp" />
          <tcm:Conditions />
        </tcm:ComponentPresentation>
      </tcm:ComponentPresentations>
      <tcm:MetadataSchema xlink:type="simple" xlink:title="" xlink:href="tcm:0-0-0" />
      <tcm:Metadata />
      <tcm:RegionSchema xlink:type="simple" xlink:title="" xlink:href="tcm:0-0-0" />
      <tcm:Regions />
    </tcm:Data>
  </Data>
  <Dependencies>
    <Dependency dependencyType="Publication" itemUrl="/webdav/400%20Example%20Site" linkName="LocationInfo/ContextRepository" />
    <Dependency dependencyType="OrganizationalItemStructureGroup" itemUrl="/webdav/400%20Example%20Site/Home/_System/include" linkName="LocationInfo/OrganizationalItem" />
    <Dependency dependencyType="ComponentPresentationComponent" itemUrl="/webdav/400%20Example%20Site/Building%20Blocks/Content/_Structure/Header/Header.xml" linkName="ComponentPresentations[0]/Component" />
    <Dependency dependencyType="ComponentPresentationComponent" itemUrl="/webdav/400%20Example%20Site/Building%20Blocks/Content/_Structure/Header/Header%20Links.xml" linkName="ComponentPresentations[1]/Component" />
    <Dependency dependencyType="ComponentPresentationComponent" itemUrl="/webdav/400%20Example%20Site/Building%20Blocks/Settings/Core/Site%20Manager/Language%20Selector%20Configuration.xml" linkName="ComponentPresentations[2]/Component" />
    <Dependency dependencyType="ComponentPresentationComponent" itemUrl="/webdav/400%20Example%20Site/Building%20Blocks/Settings/Core/Site%20Manager/Navigation%20Configuration.xml" linkName="ComponentPresentations[3]/Component" />
    <Dependency dependencyType="ComponentPresentationComponent" itemUrl="/webdav/400%20Example%20Site/Building%20Blocks/Content/_Structure/Header/Old%20Browser%20bar.xml" linkName="ComponentPresentations[4]/Component" />
    <Dependency dependencyType="ComponentPresentationComponent" itemUrl="/webdav/400%20Example%20Site/Building%20Blocks/Content/_Structure/Header/Cookie%20bar.xml" linkName="ComponentPresentations[5]/Component" />
    <Dependency dependencyType="ComponentPresentationComponentTemplate" itemUrl="/webdav/400%20Example%20Site/Building%20Blocks/Modules/Core/Site%20Manager/Templates/Header%20Logo%20%5BLogo%5D.tctcmp" linkName="ComponentPresentations[0]/ComponentTemplate" />
    <Dependency dependencyType="ComponentPresentationComponentTemplate" itemUrl="/webdav/400%20Example%20Site/Building%20Blocks/Modules/Core/Site%20Manager/Templates/Header%20Links%20%5BNav%5D.tctcmp" linkName="ComponentPresentations[1]/ComponentTemplate" />
    <Dependency dependencyType="ComponentPresentationComponentTemplate" itemUrl="/webdav/400%20Example%20Site/Building%20Blocks/Modules/Core/Site%20Manager/Templates/Language%20Selector%20%5BNav%5D.tctcmp" linkName="ComponentPresentations[2]/ComponentTemplate" />
    <Dependency dependencyType="ComponentPresentationComponentTemplate" itemUrl="/webdav/400%20Example%20Site/Building%20Blocks/Modules/Core/Site%20Manager/Templates/Top%20Navigation%20%5BNav%5D.tctcmp" linkName="ComponentPresentations[3]/ComponentTemplate" />
    <Dependency dependencyType="ComponentPresentationComponentTemplate" itemUrl="/webdav/400%20Example%20Site/Building%20Blocks/Modules/Core/Site%20Manager/Templates/Old%20Browser%20Notification%20Bar%20%5BInfo%5D.tctcmp" linkName="ComponentPresentations[4]/ComponentTemplate" />
    <Dependency dependencyType="ComponentPresentationComponentTemplate" itemUrl="/webdav/400%20Example%20Site/Building%20Blocks/Modules/Core/Site%20Manager/Templates/Cookie%20Notification%20Bar%20%5BInfo%5D.tctcmp" linkName="ComponentPresentations[5]/ComponentTemplate" />
  </Dependencies>
</PackageItem>