<PackageItem xmlns:tcm="http://www.tridion.com/ContentManager/5.0" xmlns:xlink="http://www.w3.org/1999/xlink" xmlns="http://www.sdltridion.com/ContentManager/ImportExport/Package/2013">
  <Data>
    <tcm:Data>
      <tcm:Title>Word document</tcm:Title>
      <tcm:MIMEType>application/msword</tcm:MIMEType>
      <tcm:FileExtensions>
        <tcm:FileExtension>doc</tcm:FileExtension>
        <tcm:FileExtension>docx</tcm:FileExtension>
      </tcm:FileExtensions>
    </tcm:Data>
  </Data>
</PackageItem>