<PackageItem xmlns:tcm="http://www.tridion.com/ContentManager/5.0" xmlns:xlink="http://www.w3.org/1999/xlink" xmlns="http://www.sdltridion.com/ContentManager/ImportExport/Package/2013">
  <Data>
    <tcm:Data>
      <tcm:Title>Home Page</tcm:Title>
      <tcm:Type>CompoundTemplate</tcm:Type>
      <tcm:Content>
        <tcm:PublisherScript>&lt;CompoundTemplate xmlns="http://www.tridion.com/ContentManager/5.3/CompoundTemplate"&gt;
  &lt;TemplateInvocation&gt;
    &lt;Template xlink:href="/webdav/100%20Master/Building%20Blocks/Framework/Developer/Templates/Sdl%2EWeb%2ETridion%2ETemplates/Render%20Page%20Content.tbbcmp" xmlns:xlink="http://www.w3.org/1999/xlink" xlink:title="Render Page Content" /&gt;
    &lt;TemplateParameters&gt;&lt;/TemplateParameters&gt;
  &lt;/TemplateInvocation&gt;
  &lt;TemplateInvocation&gt;
    &lt;Template xlink:href="/webdav/100%20Master/Building%20Blocks/Framework/Developer/Templates/Sdl%2EWeb%2ETridion%2ETemplates/Default%20Page%20Template%20Finish%20Actions.tbbcmp" xmlns:xlink="http://www.w3.org/1999/xlink" xlink:title="Default Page Template Finish Actions" /&gt;
    &lt;TemplateParameters&gt;&lt;/TemplateParameters&gt;
  &lt;/TemplateInvocation&gt;
&lt;/CompoundTemplate&gt;</tcm:PublisherScript>
      </tcm:Content>
      <tcm:MetadataSchema xlink:type="simple" xlink:title="Page Template Metadata" xlink:href="/webdav/100%20Master/Building%20Blocks/Framework/Developer/Schemas/Page%20Template%20Metadata.xsd" />
      <tcm:ParameterSchema xlink:type="simple" xlink:title="" xlink:href="tcm:0-0-0" />
      <tcm:Metadata>
        <Metadata xmlns="uuid:a94a82b5-5a3e-4256-a75d-52b6014dbf22">
          <includes xmlns:xlink="http://www.w3.org/1999/xlink">system/include/header</includes>
          <includes xmlns:xlink="http://www.w3.org/1999/xlink">system/include/footer</includes>
          <view xmlns:xlink="http://www.w3.org/1999/xlink">GeneralPage</view>
        </Metadata>
      </tcm:Metadata>
      <tcm:FileExtension>html</tcm:FileExtension>
      <tcm:PageSchema xlink:type="simple" xlink:title="" xlink:href="tcm:0-0-0" />
    </tcm:Data>
  </Data>
  <Dependencies>
    <Dependency dependencyType="Publication" itemUrl="/webdav/100%20Master" linkName="LocationInfo/ContextRepository" />
    <Dependency dependencyType="OrganizationalItemFolder" itemUrl="/webdav/100%20Master/Building%20Blocks/Modules/Core/Editor/Templates" linkName="LocationInfo/OrganizationalItem" />
    <Dependency dependencyType="MetadataSchema" itemUrl="/webdav/100%20Master/Building%20Blocks/Framework/Developer/Schemas/Page%20Template%20Metadata.xsd" linkName="MetadataSchema" />
    <Dependency dependencyType="TemplateLinkedItem" itemUrl="/webdav/100%20Master/Building%20Blocks/Framework/Developer/Templates/Sdl%2EWeb%2ETridion%2ETemplates/Render%20Page%20Content.tbbcmp" linkName="ExtractedReferences[0]" />
    <Dependency dependencyType="TemplateLinkedItem" itemUrl="/webdav/100%20Master/Building%20Blocks/Framework/Developer/Templates/Sdl%2EWeb%2ETridion%2ETemplates/Default%20Page%20Template%20Finish%20Actions.tbbcmp" linkName="ExtractedReferences[1]" />
  </Dependencies>
</PackageItem>