<PackageItem xmlns:tcm="http://www.tridion.com/ContentManager/5.0" xmlns:xlink="http://www.w3.org/1999/xlink" xmlns="http://www.sdltridion.com/ContentManager/ImportExport/Package/2013">
  <BinaryFileLocation>Binaries\1068-4480.png</BinaryFileLocation>
  <Data>
    <tcm:Data>
      <tcm:Title>Company News Media Manager Video</tcm:Title>
      <tcm:Type>Multimedia</tcm:Type>
      <tcm:Schema xlink:type="simple" xlink:title="YouTube Video" xlink:href="/webdav/200%20Example%20Content/Building%20Blocks/Modules/Core/Editor/Schemas/YouTube%20Video.xsd" IsMandatory="false" />
      <tcm:Content />
      <tcm:Metadata>
        <Metadata xmlns="http://www.sdl.com/web/schemas/core">
          <youTubeId>2YBtspm8j8M</youTubeId>
          <headline>Company News</headline>
        </Metadata>
      </tcm:Metadata>
      <tcm:IsBasedOnTridionWebSchema>true</tcm:IsBasedOnTridionWebSchema>
      <tcm:MultimediaType xlink:type="simple" xlink:title="Png image" xlink:href="tcm:0-3-65544" />
      <tcm:MultimediaFilename>company-news-placeholder.png</tcm:MultimediaFilename>
      <tcm:MultimediaFileSize>674712</tcm:MultimediaFileSize>
      <tcm:IsExternalMultimediaFile>false</tcm:IsExternalMultimediaFile>
    </tcm:Data>
  </Data>
  <Dependencies>
    <Dependency dependencyType="Publication" itemUrl="/webdav/200%20Example%20Content" linkName="LocationInfo/ContextRepository" />
    <Dependency dependencyType="OrganizationalItemFolder" itemUrl="/webdav/200%20Example%20Content/Building%20Blocks/Content/Video" linkName="LocationInfo/OrganizationalItem" />
    <Dependency dependencyType="MultimediaType" itemUrl="/webdav//Png%20image.tmt" linkName="BinaryContent/MultimediaType" />
    <Dependency dependencyType="Schema" itemUrl="/webdav/200%20Example%20Content/Building%20Blocks/Modules/Core/Editor/Schemas/YouTube%20Video.xsd" linkName="Schema" />
  </Dependencies>
</PackageItem>