<PackageItem xmlns:tcm="http://www.tridion.com/ContentManager/5.0" xmlns:xlink="http://www.w3.org/1999/xlink" xmlns="http://www.sdltridion.com/ContentManager/ImportExport/Package/2013">
  <Data>
    <tcm:Data>
      <tcm:Title>Error Page Not Found</tcm:Title>
      <tcm:Type>Normal</tcm:Type>
      <tcm:Schema xlink:type="simple" xlink:title="Article" xlink:href="/webdav/110%20DXA%20Site%20Type/Building%20Blocks/Modules/Core/Editor/Schemas/Article.xsd" IsMandatory="false" />
      <tcm:Content>
        <Article xmlns="http://www.sdl.com/web/schemas/core">
          <headline>Page Not Found</headline>
          <articleBody>
            <content>The page you were looking for cannot be found. This page may have been moved. We apologize for any inconvenience.</content>
          </articleBody>
        </Article>
      </tcm:Content>
      <tcm:Metadata>
        <Metadata xmlns="http://www.sdl.com/web/schemas/core" xmlns:xlink="http://www.w3.org/1999/xlink" />
      </tcm:Metadata>
      <tcm:IsBasedOnTridionWebSchema>true</tcm:IsBasedOnTridionWebSchema>
      <tcm:MultimediaType xlink:type="simple" xlink:title="" xlink:href="tcm:0-0-0" />
    </tcm:Data>
  </Data>
  <Dependencies>
    <Dependency dependencyType="Publication" itemUrl="/webdav/110%20DXA%20Site%20Type" linkName="LocationInfo/ContextRepository" />
    <Dependency dependencyType="OrganizationalItemFolder" itemUrl="/webdav/110%20DXA%20Site%20Type/Building%20Blocks/Content/_Structure" linkName="LocationInfo/OrganizationalItem" />
    <Dependency dependencyType="Schema" itemUrl="/webdav/110%20DXA%20Site%20Type/Building%20Blocks/Modules/Core/Editor/Schemas/Article.xsd" linkName="Schema" />
  </Dependencies>
</PackageItem>