<PackageItem xmlns:tcm="http://www.tridion.com/ContentManager/5.0" xmlns:xlink="http://www.w3.org/1999/xlink" xmlns="http://www.sdltridion.com/ContentManager/ImportExport/Package/2013">
  <Data>
    <tcm:Data>
      <tcm:Title>Terms of Use</tcm:Title>
      <tcm:Type>Normal</tcm:Type>
      <tcm:Schema xlink:type="simple" xlink:title="Article" xlink:href="/webdav/200%20Example%20Content/Building%20Blocks/Modules/Core/Editor/Schemas/Article.xsd" IsMandatory="false" />
      <tcm:Content>
        <Article xmlns="http://www.sdl.com/web/schemas/core">
        <headline>Terms of use</headline>
        <articleBody>
          <subheading>Legal Notices</subheading>
          <content>
            <p xmlns="http://www.w3.org/1999/xhtml">Vestibulum ante ipsum primis in faucibus orci luctus et ultrices posuere cubilia Curae; Ut porttitor nisi nunc. Aenean commodo arcu vehicula enim tincidunt sodales. Proin tristique mi id nisi dignissim, eget congue purus blandit. Vestibulum dignissim sollicitudin sapien, eget pellentesque dui pellentesque sodales. In hac habitasse platea dictumst. Cras placerat at libero at porta. Vivamus eget magna eros.</p>
          </content>
        </articleBody>
        <articleBody>
          <subheading>Limitation of Liability</subheading>
          <content>Vivamus nisi justo, vulputate id elementum sit amet, varius at arcu. Aliquam eu tortor justo. Sed egestas, dolor id adipiscing dapibus, turpis quam feugiat massa, vel fringilla orci lorem in velit. Nam adipiscing malesuada porttitor. Etiam ut fringilla metus, ac mattis risus. Vestibulum sagittis rhoncus diam quis adipiscing. Fusce ultrices, orci a viverra ullamcorper, enim mauris scelerisque diam, vitae pulvinar urna enim in nisi.</content>
        </articleBody>
      </Article>
      </tcm:Content>
      <tcm:Metadata>
        <Metadata xmlns="http://www.sdl.com/web/schemas/core">
          <standardMeta>
            <description>Vivamus nisi justo, vulputate id elementum sit amet, varius at arcu. Aliquam eu tortor justo.</description>
          </standardMeta>
        </Metadata>
      </tcm:Metadata>
      <tcm:IsBasedOnTridionWebSchema>true</tcm:IsBasedOnTridionWebSchema>
      <tcm:MultimediaType xlink:type="simple" xlink:title="" xlink:href="tcm:0-0-0" />
    </tcm:Data>
  </Data>
  <Dependencies>
    <Dependency dependencyType="Publication" itemUrl="/webdav/200%20Example%20Content" linkName="LocationInfo/ContextRepository" />
    <Dependency dependencyType="OrganizationalItemFolder" itemUrl="/webdav/200%20Example%20Content/Building%20Blocks/Content/About" linkName="LocationInfo/OrganizationalItem" />
    <Dependency dependencyType="Schema" itemUrl="/webdav/200%20Example%20Content/Building%20Blocks/Modules/Core/Editor/Schemas/Article.xsd" linkName="Schema" />
  </Dependencies>
</PackageItem>