<PackageItem xmlns:tcm="http://www.tridion.com/ContentManager/5.0" xmlns:xlink="http://www.w3.org/1999/xlink" xmlns="http://www.sdltridion.com/ContentManager/ImportExport/Package/2013">
  <Data>
    <tcm:Data>
      <tcm:Title>010 News</tcm:Title>
      <tcm:Description />
      <tcm:Key />
      <tcm:IsAbstract>false</tcm:IsAbstract>
      <tcm:ParentKeywords>
        <tcm:ParentKeyword xlink:type="simple" xlink:title="010 Articles" xlink:href="/webdav/400%20Example%20Site/Sitemap%20%5BNavigation%5D/010%20Articles.tkw" />
      </tcm:ParentKeywords>
      <tcm:RelatedKeywords />
      <tcm:MetadataSchema xlink:type="simple" xlink:title="" xlink:href="tcm:0-0-0" />
      <tcm:Metadata />
      <tcm:IsRoot>false</tcm:IsRoot>
    </tcm:Data>
  </Data>
  <Dependencies>
    <Dependency dependencyType="Publication" itemUrl="/webdav/400%20Example%20Site" linkName="LocationInfo/ContextRepository" />
    <Dependency dependencyType="OrganizationalItemCategory" itemUrl="/webdav/400%20Example%20Site/Sitemap%20%5BNavigation%5D" linkName="LocationInfo/OrganizationalItem" />
    <Dependency dependencyType="ParentKeyword" itemUrl="/webdav/400%20Example%20Site/Sitemap%20%5BNavigation%5D/010%20Articles.tkw" linkName="ParentKeywords[0]" />
  </Dependencies>
</PackageItem>