<PackageItem xmlns:tcm="http://www.tridion.com/ContentManager/5.0" xmlns:xlink="http://www.w3.org/1999/xlink" xmlns="http://www.sdltridion.com/ContentManager/ImportExport/Package/2013">
  <PrimaryBlueprintParentUrl>/webdav/110%20DXA%20Site%20Type/Home/000%20Home.tpg</PrimaryBlueprintParentUrl>
  <Data>
    <tcm:Data>
      <tcm:Title>000 Home</tcm:Title>
      <tcm:FileName>index</tcm:FileName>
      <tcm:PageTemplate IsInherited="false" xlink:type="simple" xlink:title="Home Page" xlink:href="/webdav/400%20Example%20Site/Building%20Blocks/Modules/Core/Editor/Templates/Home%20Page.tptcmp" />
      <tcm:ComponentPresentations>
        <tcm:ComponentPresentation>
          <tcm:Component xlink:type="simple" xlink:title="Homepage List" xlink:href="/webdav/400%20Example%20Site/Building%20Blocks/Content/Homepage/Homepage%20List.xml" />
          <tcm:ComponentTemplate xlink:type="simple" xlink:title="Carousel [Hero]" xlink:href="/webdav/400%20Example%20Site/Building%20Blocks/Modules/Core/Editor/Templates/Carousel%20%5BHero%5D.tctcmp" />
          <tcm:Conditions />
        </tcm:ComponentPresentation>
        <tcm:ComponentPresentation>
          <tcm:Component xlink:type="simple" xlink:title="Homepage Welcome" xlink:href="/webdav/400%20Example%20Site/Building%20Blocks/Content/Homepage/Homepage%20Welcome.xml" />
          <tcm:ComponentTemplate xlink:type="simple" xlink:title="Article" xlink:href="/webdav/400%20Example%20Site/Building%20Blocks/Modules/Core/Editor/Templates/Article.tctcmp" />
          <tcm:Conditions />
        </tcm:ComponentPresentation>
        <tcm:ComponentPresentation>
          <tcm:Component xlink:type="simple" xlink:title="Head Office Location" xlink:href="/webdav/400%20Example%20Site/Building%20Blocks/Content/About/Head%20Office%20Location.xml" />
          <tcm:ComponentTemplate xlink:type="simple" xlink:title="Teaser Map [3-Column]" xlink:href="/webdav/400%20Example%20Site/Building%20Blocks/Modules/Core/Editor/Templates/Teaser%20Map%20%5B3-Column%5D.tctcmp" />
          <tcm:Conditions />
        </tcm:ComponentPresentation>
        <tcm:ComponentPresentation>
          <tcm:Component xlink:type="simple" xlink:title="Latest News" xlink:href="/webdav/400%20Example%20Site/Building%20Blocks/Content/Articles/Latest%20News.xml" />
          <tcm:ComponentTemplate xlink:type="simple" xlink:title="List [3-Column]" xlink:href="/webdav/400%20Example%20Site/Building%20Blocks/Modules/Core/Editor/Templates/List%20%5B3-Column%5D.tctcmp" />
          <tcm:Conditions />
        </tcm:ComponentPresentation>
        <tcm:ComponentPresentation>
          <tcm:Component xlink:type="simple" xlink:title="Company News Media Manager Video" xlink:href="/webdav/400%20Example%20Site/Building%20Blocks/Content/Video/Company%20News%20Media%20Manager%20Video.png" />
          <tcm:ComponentTemplate xlink:type="simple" xlink:title="YouTube Video [3-Column]" xlink:href="/webdav/400%20Example%20Site/Building%20Blocks/Modules/Core/Editor/Templates/YouTube%20Video%20%5B3-Column%5D.tctcmp" />
          <tcm:Conditions />
        </tcm:ComponentPresentation>
      </tcm:ComponentPresentations>
      <tcm:MetadataSchema xlink:type="simple" xlink:title="Page Navigation Metadata" xlink:href="/webdav/400%20Example%20Site/Building%20Blocks/Framework/Site%20Manager/Schemas/Page%20Navigation%20Metadata.xsd" />
      <tcm:Metadata>
        <Metadata xmlns="http://www.sdl.com/web/schemas/navigation">
          <sitemapKeyword xmlns:xlink="http://www.w3.org/1999/xlink" xlink:href="/webdav/400%20Example%20Site/Sitemap%20%5BNavigation%5D/000%20Home.tkw" xlink:title="000 Home">000 Home</sitemapKeyword>
        </Metadata>
      </tcm:Metadata>
      <tcm:RegionSchema xlink:type="simple" xlink:title="" xlink:href="tcm:0-0-0" />
      <tcm:Regions />
    </tcm:Data>
  </Data>
  <Dependencies>
    <Dependency dependencyType="Publication" itemUrl="/webdav/400%20Example%20Site" linkName="LocationInfo/ContextRepository" />
    <Dependency dependencyType="OrganizationalItemStructureGroup" itemUrl="/webdav/400%20Example%20Site/Home" linkName="LocationInfo/OrganizationalItem" />
    <Dependency dependencyType="ComponentPresentationComponent" itemUrl="/webdav/400%20Example%20Site/Building%20Blocks/Content/Homepage/Homepage%20List.xml" linkName="ComponentPresentations[0]/Component" />
    <Dependency dependencyType="ComponentPresentationComponent" itemUrl="/webdav/400%20Example%20Site/Building%20Blocks/Content/Homepage/Homepage%20Welcome.xml" linkName="ComponentPresentations[1]/Component" />
    <Dependency dependencyType="ComponentPresentationComponent" itemUrl="/webdav/400%20Example%20Site/Building%20Blocks/Content/About/Head%20Office%20Location.xml" linkName="ComponentPresentations[2]/Component" />
    <Dependency dependencyType="ComponentPresentationComponent" itemUrl="/webdav/400%20Example%20Site/Building%20Blocks/Content/Articles/Latest%20News.xml" linkName="ComponentPresentations[3]/Component" />
    <Dependency dependencyType="ComponentPresentationComponent" itemUrl="/webdav/400%20Example%20Site/Building%20Blocks/Content/Video/Company%20News%20Media%20Manager%20Video.png" linkName="ComponentPresentations[4]/Component" />
    <Dependency dependencyType="ComponentPresentationComponentTemplate" itemUrl="/webdav/400%20Example%20Site/Building%20Blocks/Modules/Core/Editor/Templates/Carousel%20%5BHero%5D.tctcmp" linkName="ComponentPresentations[0]/ComponentTemplate" />
    <Dependency dependencyType="ComponentPresentationComponentTemplate" itemUrl="/webdav/400%20Example%20Site/Building%20Blocks/Modules/Core/Editor/Templates/Article.tctcmp" linkName="ComponentPresentations[1]/ComponentTemplate" />
    <Dependency dependencyType="ComponentPresentationComponentTemplate" itemUrl="/webdav/400%20Example%20Site/Building%20Blocks/Modules/Core/Editor/Templates/Teaser%20Map%20%5B3-Column%5D.tctcmp" linkName="ComponentPresentations[2]/ComponentTemplate" />
    <Dependency dependencyType="ComponentPresentationComponentTemplate" itemUrl="/webdav/400%20Example%20Site/Building%20Blocks/Modules/Core/Editor/Templates/List%20%5B3-Column%5D.tctcmp" linkName="ComponentPresentations[3]/ComponentTemplate" />
    <Dependency dependencyType="ComponentPresentationComponentTemplate" itemUrl="/webdav/400%20Example%20Site/Building%20Blocks/Modules/Core/Editor/Templates/YouTube%20Video%20%5B3-Column%5D.tctcmp" linkName="ComponentPresentations[4]/ComponentTemplate" />
    <Dependency dependencyType="LinkedKeyword" itemUrl="/webdav/400%20Example%20Site/Sitemap%20%5BNavigation%5D/000%20Home.tkw" linkName="Metadata" xpath="*[local-name() = 'Metadata'][1]/*[local-name() = 'sitemapKeyword'][1]/@xlink:href" />
    <Dependency dependencyType="MetadataSchema" itemUrl="/webdav/400%20Example%20Site/Building%20Blocks/Framework/Site%20Manager/Schemas/Page%20Navigation%20Metadata.xsd" linkName="MetadataSchema" />
    <Dependency dependencyType="PageTemplate" itemUrl="/webdav/400%20Example%20Site/Building%20Blocks/Modules/Core/Editor/Templates/Home%20Page.tptcmp" linkName="PageTemplate" />
  </Dependencies>
</PackageItem>