<PackageItem xmlns:tcm="http://www.tridion.com/ContentManager/5.0" xmlns:xlink="http://www.w3.org/1999/xlink" xmlns="http://www.sdltridion.com/ContentManager/ImportExport/Package/2013">
  <Data>
    <tcm:Data>
      <tcm:Title>Publish HTML Design</tcm:Title>
      <tcm:FileName>html-design</tcm:FileName>
      <tcm:PageTemplate IsInherited="true" xlink:type="simple" xlink:title="JSON" xlink:href="/webdav/110%20DXA%20Site%20Type/Building%20Blocks/Framework/Developer/Templates/JSON.tptcmp" />
      <tcm:ComponentPresentations>
        <tcm:ComponentPresentation>
          <tcm:Component xlink:type="simple" xlink:title="HTML Design Configuration" xlink:href="/webdav/110%20DXA%20Site%20Type/Building%20Blocks/Settings/Core/Site%20Manager/HTML%20Design%20Configuration.xml" />
          <tcm:ComponentTemplate xlink:type="simple" xlink:title="Publish HTML Design" xlink:href="/webdav/110%20DXA%20Site%20Type/Building%20Blocks/Framework/Developer/Templates/Publish%20HTML%20Design.tctcmp" />
          <tcm:Conditions />
        </tcm:ComponentPresentation>
      </tcm:ComponentPresentations>
      <tcm:MetadataSchema xlink:type="simple" xlink:title="" xlink:href="tcm:0-0-0" />
      <tcm:Metadata />
      <tcm:RegionSchema xlink:type="simple" xlink:title="" xlink:href="tcm:0-0-0" />
      <tcm:Regions />
    </tcm:Data>
  </Data>
  <Dependencies>
    <Dependency dependencyType="Publication" itemUrl="/webdav/110%20DXA%20Site%20Type" linkName="LocationInfo/ContextRepository" />
    <Dependency dependencyType="OrganizationalItemStructureGroup" itemUrl="/webdav/110%20DXA%20Site%20Type/Home/_System" linkName="LocationInfo/OrganizationalItem" />
    <Dependency dependencyType="ComponentPresentationComponent" itemUrl="/webdav/110%20DXA%20Site%20Type/Building%20Blocks/Settings/Core/Site%20Manager/HTML%20Design%20Configuration.xml" linkName="ComponentPresentations[0]/Component" />
    <Dependency dependencyType="ComponentPresentationComponentTemplate" itemUrl="/webdav/110%20DXA%20Site%20Type/Building%20Blocks/Framework/Developer/Templates/Publish%20HTML%20Design.tctcmp" linkName="ComponentPresentations[0]/ComponentTemplate" />
  </Dependencies>
</PackageItem>