<PackageItem xmlns:tcm="http://www.tridion.com/ContentManager/5.0" xmlns:xlink="http://www.w3.org/1999/xlink" xmlns="http://www.sdltridion.com/ContentManager/ImportExport/Package/2013">
  <Data>
    <tcm:Data>
      <tcm:Title>010 All Articles</tcm:Title>
      <tcm:FileName>all-articles</tcm:FileName>
      <tcm:PageTemplate IsInherited="true" xlink:type="simple" xlink:title="Content Page" xlink:href="/webdav/400%20Example%20Site/Building%20Blocks/Modules/Core/Editor/Templates/Content%20Page.tptcmp" />
      <tcm:ComponentPresentations>
        <tcm:ComponentPresentation>
          <tcm:Component xlink:type="simple" xlink:title="All Articles Intro" xlink:href="/webdav/400%20Example%20Site/Building%20Blocks/Content/Articles/All%20Articles%20Intro.xml" />
          <tcm:ComponentTemplate xlink:type="simple" xlink:title="Article" xlink:href="/webdav/400%20Example%20Site/Building%20Blocks/Modules/Core/Editor/Templates/Article.tctcmp" />
          <tcm:Conditions />
        </tcm:ComponentPresentation>
        <tcm:ComponentPresentation>
          <tcm:Component xlink:type="simple" xlink:title="All Articles Index" xlink:href="/webdav/400%20Example%20Site/Building%20Blocks/Content/Articles/All%20Articles%20Index.xml" />
          <tcm:ComponentTemplate xlink:type="simple" xlink:title="Paged List" xlink:href="/webdav/400%20Example%20Site/Building%20Blocks/Modules/Core/Editor/Templates/Paged%20List.tctcmp" />
          <tcm:Conditions />
        </tcm:ComponentPresentation>
      </tcm:ComponentPresentations>
      <tcm:MetadataSchema xlink:type="simple" xlink:title="Page Navigation Metadata" xlink:href="/webdav/400%20Example%20Site/Building%20Blocks/Framework/Site%20Manager/Schemas/Page%20Navigation%20Metadata.xsd" />
      <tcm:Metadata>
        <Metadata xmlns="http://www.sdl.com/web/schemas/navigation">
          <sitemapKeyword xmlns:xlink="http://www.w3.org/1999/xlink" xlink:href="/webdav/400%20Example%20Site/Sitemap%20%5BNavigation%5D/010%20Articles.tkw" xlink:title="010 Articles">010 Articles</sitemapKeyword>
        </Metadata>
      </tcm:Metadata>
      <tcm:RegionSchema xlink:type="simple" xlink:title="" xlink:href="tcm:0-0-0" />
      <tcm:Regions />
    </tcm:Data>
  </Data>
  <Dependencies>
    <Dependency dependencyType="Publication" itemUrl="/webdav/400%20Example%20Site" linkName="LocationInfo/ContextRepository" />
    <Dependency dependencyType="OrganizationalItemStructureGroup" itemUrl="/webdav/400%20Example%20Site/Home/010%20Articles" linkName="LocationInfo/OrganizationalItem" />
    <Dependency dependencyType="ComponentPresentationComponent" itemUrl="/webdav/400%20Example%20Site/Building%20Blocks/Content/Articles/All%20Articles%20Intro.xml" linkName="ComponentPresentations[0]/Component" />
    <Dependency dependencyType="ComponentPresentationComponent" itemUrl="/webdav/400%20Example%20Site/Building%20Blocks/Content/Articles/All%20Articles%20Index.xml" linkName="ComponentPresentations[1]/Component" />
    <Dependency dependencyType="ComponentPresentationComponentTemplate" itemUrl="/webdav/400%20Example%20Site/Building%20Blocks/Modules/Core/Editor/Templates/Article.tctcmp" linkName="ComponentPresentations[0]/ComponentTemplate" />
    <Dependency dependencyType="ComponentPresentationComponentTemplate" itemUrl="/webdav/400%20Example%20Site/Building%20Blocks/Modules/Core/Editor/Templates/Paged%20List.tctcmp" linkName="ComponentPresentations[1]/ComponentTemplate" />
    <Dependency dependencyType="LinkedKeyword" itemUrl="/webdav/400%20Example%20Site/Sitemap%20%5BNavigation%5D/010%20Articles.tkw" linkName="Metadata" xpath="*[local-name() = 'Metadata'][1]/*[local-name() = 'sitemapKeyword'][1]/@xlink:href" />
    <Dependency dependencyType="MetadataSchema" itemUrl="/webdav/400%20Example%20Site/Building%20Blocks/Framework/Site%20Manager/Schemas/Page%20Navigation%20Metadata.xsd" linkName="MetadataSchema" />
  </Dependencies>
</PackageItem>