<PackageItem xmlns:tcm="http://www.tridion.com/ContentManager/5.0" xmlns:xlink="http://www.w3.org/1999/xlink" xmlns="http://www.sdltridion.com/ContentManager/ImportExport/Package/2013">
  <Data>
    <tcm:Data>
      <tcm:Title>Example News 4</tcm:Title>
      <tcm:Type>Normal</tcm:Type>
      <tcm:Schema xlink:type="simple" xlink:title="News Article" xlink:href="/webdav/200%20Example%20Content/Building%20Blocks/Modules/Core/Editor/Schemas/News%20Article.xsd" IsMandatory="false" />
      <tcm:Content>
        <NewsArticle xmlns="http://www.sdl.com/web/schemas/core">
          <headline>In lacinia sagittis nulla vel ullamcorper</headline>
          <articleBody>
            <subheading>Pellentesque quis purus lobortis, porttitor felis a, auctor felis</subheading>
            <content>
              <span xmlns="http://www.w3.org/1999/xhtml">Lorem ipsum dolor sit amet, consectetur adipiscing elit. Sed pellentesque risus in vehicula ultricies. Proin gravida massa nibh, ut laoreet urna tempor porttitor. Integer in condimentum mauris. Curabitur eleifend est quis purus cursus, sit amet ultricies mi elementum. Maecenas quis dictum nisi. Nullam tincidunt commodo eros, quis molestie augue. Phasellus feugiat, dolor vel faucibus consequat, sem ipsum interdum tortor, et scelerisque magna massa et erat. Morbi a felis eget lorem rutrum placerat sit amet quis libero</span>
            </content>
            <media xmlns:xlink="http://www.w3.org/1999/xlink" xlink:type="simple" xlink:href="/webdav/200%20Example%20Content/Building%20Blocks/Content/Images/Large/planes.jpg" xlink:title="planes" />
            <caption>Praesent facilisis consectetur neque</caption>
          </articleBody>
        </NewsArticle>
      </tcm:Content>
      <tcm:Metadata>
        <Metadata xmlns="http://www.sdl.com/web/schemas/core">
          <standardMeta>
            <dateCreated>2014-06-18T09:34:32.000</dateCreated>
            <description>Cras at nunc fringilla, porttitor mauris eget, pharetra purus. Sed elementum consectetur massa id auctor </description>
            <name>Aliquam quis egesta </name>
            <introText>Cras at nunc fringilla, porttitor mauris eget, pharetra purus. Sed elementum consectetur massa id auctor </introText>
          </standardMeta>
        </Metadata>
      </tcm:Metadata>
      <tcm:IsBasedOnTridionWebSchema>true</tcm:IsBasedOnTridionWebSchema>
      <tcm:MultimediaType xlink:type="simple" xlink:title="" xlink:href="tcm:0-0-0" />
    </tcm:Data>
  </Data>
  <Dependencies>
    <Dependency dependencyType="Publication" itemUrl="/webdav/200%20Example%20Content" linkName="LocationInfo/ContextRepository" />
    <Dependency dependencyType="OrganizationalItemFolder" itemUrl="/webdav/200%20Example%20Content/Building%20Blocks/Content/Articles/News" linkName="LocationInfo/OrganizationalItem" />
    <Dependency dependencyType="LinkedComponent" itemUrl="/webdav/200%20Example%20Content/Building%20Blocks/Content/Images/Large/planes.jpg" linkName="Content" xpath="*[local-name() = 'NewsArticle'][1]/*[local-name() = 'articleBody'][1]/*[local-name() = 'media'][1]/@xlink:href" />
    <Dependency dependencyType="Schema" itemUrl="/webdav/200%20Example%20Content/Building%20Blocks/Modules/Core/Editor/Schemas/News%20Article.xsd" linkName="Schema" />
  </Dependencies>
</PackageItem>