<PackageItem xmlns:tcm="http://www.tridion.com/ContentManager/5.0" xmlns:xlink="http://www.w3.org/1999/xlink" xmlns="http://www.sdltridion.com/ContentManager/ImportExport/Package/2013">
  <Data>
    <tcm:Data>
      <tcm:Title>Header Links</tcm:Title>
      <tcm:Type>Normal</tcm:Type>
      <tcm:Schema xlink:type="simple" xlink:title="Link List" xlink:href="/webdav/400%20Example%20Site/Building%20Blocks/Modules/Core/Editor/Schemas/Link%20List.xsd" IsMandatory="false" />
      <tcm:Content>
        <LinkList xmlns="http://www.sdl.com/web/schemas/core">
          <link>
          <linkText>About Us</linkText>
          <internalLink xmlns:xlink="http://www.w3.org/1999/xlink" xlink:type="simple" xlink:href="/webdav/400%20Example%20Site/Building%20Blocks/Content/About/Company%20Information.xml" xlink:title="Company Information" />
          <alternateText>About our company</alternateText>
        </link>
          <link>
            <linkText>Contact</linkText>
            <internalLink xmlns:xlink="http://www.w3.org/1999/xlink" xlink:type="simple" xlink:href="/webdav/400%20Example%20Site/Building%20Blocks/Content/About/Contact%20Tab%20Content.xml" xlink:title="Contact Tab Content" />
            <alternateText>Contact us</alternateText>
          </link>
        </LinkList>
      </tcm:Content>
      <tcm:Metadata />
      <tcm:IsBasedOnTridionWebSchema>true</tcm:IsBasedOnTridionWebSchema>
      <tcm:MultimediaType xlink:type="simple" xlink:title="" xlink:href="tcm:0-0-0" />
    </tcm:Data>
  </Data>
  <Dependencies>
    <Dependency dependencyType="Publication" itemUrl="/webdav/400%20Example%20Site" linkName="LocationInfo/ContextRepository" />
    <Dependency dependencyType="OrganizationalItemFolder" itemUrl="/webdav/400%20Example%20Site/Building%20Blocks/Content/_Structure/Header" linkName="LocationInfo/OrganizationalItem" />
    <Dependency dependencyType="LinkedComponent" itemUrl="/webdav/400%20Example%20Site/Building%20Blocks/Content/About/Company%20Information.xml" linkName="Content" xpath="*[local-name() = 'LinkList'][1]/*[local-name() = 'link'][1]/*[local-name() = 'internalLink'][1]/@xlink:href" />
    <Dependency dependencyType="LinkedComponent" itemUrl="/webdav/400%20Example%20Site/Building%20Blocks/Content/About/Contact%20Tab%20Content.xml" linkName="Content" xpath="*[local-name() = 'LinkList'][1]/*[local-name() = 'link'][2]/*[local-name() = 'internalLink'][1]/@xlink:href" />
    <Dependency dependencyType="Schema" itemUrl="/webdav/400%20Example%20Site/Building%20Blocks/Modules/Core/Editor/Schemas/Link%20List.xsd" linkName="Schema" />
  </Dependencies>
</PackageItem>