<PackageItem xmlns:tcm="http://www.tridion.com/ContentManager/5.0" xmlns:xlink="http://www.w3.org/1999/xlink" xmlns="http://www.sdltridion.com/ContentManager/ImportExport/Package/2013">
  <Data>
    <tcm:Data>
      <tcm:Title>Further Information Intro</tcm:Title>
      <tcm:Type>Normal</tcm:Type>
      <tcm:Schema xlink:type="simple" xlink:title="Article" xlink:href="/webdav/200%20Example%20Content/Building%20Blocks/Modules/Core/Editor/Schemas/Article.xsd" IsMandatory="false" />
      <tcm:Content>
        <Article xmlns="http://www.sdl.com/web/schemas/core">
        <headline>Further Information</headline>
        <image xmlns:xlink="http://www.w3.org/1999/xlink" xlink:type="simple" xlink:href="/webdav/200%20Example%20Content/Building%20Blocks/Content/Images/Large/blueprint.jpg" xlink:title="blueprint" />
        <articleBody>
          <content>
            <p xmlns="http://www.w3.org/1999/xhtml">Maecenas quis mi ipsum. Morbi dapibus diam fermentum urna porta, a rutrum quam blandit. Phasellus fermentum vitae nisl non lacinia. Nulla in nulla sit amet eros suscipit consectetur a quis orci. Mauris id turpis vitae magna ultricies accumsan. Nunc velit quam, congue vel magna at, mattis dapibus orci. Maecenas quis sem sit amet risus pellentesque laoreet eget at quam. Vivamus eu massa ante.</p>
            <ul xmlns="http://www.w3.org/1999/xhtml">
              <li>Donec vulputate dolor a consequat fermentum.</li>
              <li>Nunc ullamcorper est at rhoncus congue.</li>
              <li>Nullam dignissim nulla at ante semper, non adipiscing ante ullamcorper.</li>
              <li>Nulla nec tellus vitae justo rutrum consectetur vel vitae nisl.</li>
            </ul>
          </content>
        </articleBody>
      </Article>
      </tcm:Content>
      <tcm:Metadata>
        <Metadata xmlns="http://www.sdl.com/web/schemas/core">
          <standardMeta>
            <description>Vestibulum ante ipsum primis in faucibus orci luctus et ultrices posuere cubilia Curae; Ut porttitor nisi nunc. Aenean commodo arcu vehicula enim tincidunt sodales. Proin tristique mi id nisi dignissim, eget congue purus blandit. Vestibulum dignissim sollicitudin sapien, eget pellentesque dui pellentesque sodales. In hac habitasse platea dictumst. Cras placerat at libero at porta. Vivamus eget magna eros. </description>
            <introText>Useful information about our company </introText>
          </standardMeta>
        </Metadata>
      </tcm:Metadata>
      <tcm:IsBasedOnTridionWebSchema>true</tcm:IsBasedOnTridionWebSchema>
      <tcm:MultimediaType xlink:type="simple" xlink:title="" xlink:href="tcm:0-0-0" />
    </tcm:Data>
  </Data>
  <Dependencies>
    <Dependency dependencyType="Publication" itemUrl="/webdav/200%20Example%20Content" linkName="LocationInfo/ContextRepository" />
    <Dependency dependencyType="OrganizationalItemFolder" itemUrl="/webdav/200%20Example%20Content/Building%20Blocks/Content/Further%20Information" linkName="LocationInfo/OrganizationalItem" />
    <Dependency dependencyType="LinkedComponent" itemUrl="/webdav/200%20Example%20Content/Building%20Blocks/Content/Images/Large/blueprint.jpg" linkName="Content" xpath="*[local-name() = 'Article'][1]/*[local-name() = 'image'][1]/@xlink:href" />
    <Dependency dependencyType="Schema" itemUrl="/webdav/200%20Example%20Content/Building%20Blocks/Modules/Core/Editor/Schemas/Article.xsd" linkName="Schema" />
  </Dependencies>
</PackageItem>