<PackageItem xmlns:tcm="http://www.tridion.com/ContentManager/5.0" xmlns:xlink="http://www.w3.org/1999/xlink" xmlns="http://www.sdltridion.com/ContentManager/ImportExport/Package/2013">
  <Data>
    <tcm:Data>
      <tcm:Title>Image List</tcm:Title>
      <tcm:Type>Normal</tcm:Type>
      <tcm:Schema xlink:type="simple" xlink:title="Item List" xlink:href="/webdav/110%20DXA%20Site%20Type/Building%20Blocks/Modules/Core/Editor/Schemas/Item%20List.xsd" IsMandatory="false" />
      <tcm:Content>
        <ItemList xmlns="http://www.sdl.com/web/schemas/core">
          <headline>A list with media items</headline>
          <itemListElement>
            <subheading>Image one</subheading>
            <media xmlns:xlink="http://www.w3.org/1999/xlink" xlink:type="simple" xlink:href="/webdav/110%20DXA%20Site%20Type/Building%20Blocks/Content/_Cloneable%20Content/Large%20Image.jpg" xlink:title="Large Image" />
          </itemListElement>
          <itemListElement>
            <subheading>Image two</subheading>
            <media xmlns:xlink="http://www.w3.org/1999/xlink" xlink:type="simple" xlink:href="/webdav/110%20DXA%20Site%20Type/Building%20Blocks/Content/_Cloneable%20Content/Another%20Large%20Image.jpg" xlink:title="Another Large Image" />
          </itemListElement>
          <itemListElement>
            <subheading>Image three</subheading>
            <media xmlns:xlink="http://www.w3.org/1999/xlink" xlink:type="simple" xlink:href="/webdav/110%20DXA%20Site%20Type/Building%20Blocks/Content/_Cloneable%20Content/Medium%20Image.jpg" xlink:title="Medium Image" />
          </itemListElement>
        </ItemList>
      </tcm:Content>
      <tcm:Metadata>
        <Metadata xmlns="http://www.sdl.com/web/schemas/core" xmlns:xlink="http://www.w3.org/1999/xlink" />
      </tcm:Metadata>
      <tcm:IsBasedOnTridionWebSchema>true</tcm:IsBasedOnTridionWebSchema>
      <tcm:MultimediaType xlink:type="simple" xlink:title="" xlink:href="tcm:0-0-0" />
    </tcm:Data>
  </Data>
  <Dependencies>
    <Dependency dependencyType="Publication" itemUrl="/webdav/110%20DXA%20Site%20Type" linkName="LocationInfo/ContextRepository" />
    <Dependency dependencyType="OrganizationalItemFolder" itemUrl="/webdav/110%20DXA%20Site%20Type/Building%20Blocks/Content/_Cloneable%20Content" linkName="LocationInfo/OrganizationalItem" />
    <Dependency dependencyType="LinkedComponent" itemUrl="/webdav/110%20DXA%20Site%20Type/Building%20Blocks/Content/_Cloneable%20Content/Large%20Image.jpg" linkName="Content" xpath="*[local-name() = 'ItemList'][1]/*[local-name() = 'itemListElement'][1]/*[local-name() = 'media'][1]/@xlink:href" />
    <Dependency dependencyType="LinkedComponent" itemUrl="/webdav/110%20DXA%20Site%20Type/Building%20Blocks/Content/_Cloneable%20Content/Another%20Large%20Image.jpg" linkName="Content" xpath="*[local-name() = 'ItemList'][1]/*[local-name() = 'itemListElement'][2]/*[local-name() = 'media'][1]/@xlink:href" />
    <Dependency dependencyType="LinkedComponent" itemUrl="/webdav/110%20DXA%20Site%20Type/Building%20Blocks/Content/_Cloneable%20Content/Medium%20Image.jpg" linkName="Content" xpath="*[local-name() = 'ItemList'][1]/*[local-name() = 'itemListElement'][3]/*[local-name() = 'media'][1]/@xlink:href" />
    <Dependency dependencyType="Schema" itemUrl="/webdav/110%20DXA%20Site%20Type/Building%20Blocks/Modules/Core/Editor/Schemas/Item%20List.xsd" linkName="Schema" />
  </Dependencies>
</PackageItem>