<PackageItem xmlns:tcm="http://www.tridion.com/ContentManager/5.0" xmlns:xlink="http://www.w3.org/1999/xlink" xmlns="http://www.sdltridion.com/ContentManager/ImportExport/Package/2013">
  <Data>
    <tcm:Data>
      <tcm:Title>Content Query</tcm:Title>
      <tcm:Type>Normal</tcm:Type>
      <tcm:Schema xlink:type="simple" xlink:title="Content Query" xlink:href="/webdav/110%20DXA%20Site%20Type/Building%20Blocks/Modules/Core/Editor/Schemas/Content%20Query.xsd" IsMandatory="false" />
      <tcm:Content>
        <ContentQuery xmlns="http://www.sdl.com/web/schemas/core">
          <headline>Latest Articles</headline>
          <link>
            <linkText>See more</linkText>
            <internalLink xmlns:xlink="http://www.w3.org/1999/xlink" xlink:type="simple" xlink:href="/webdav/110%20DXA%20Site%20Type/Building%20Blocks/Content/_Cloneable%20Content/Article.xml" xlink:title="Article" />
          </link>
        </ContentQuery>
      </tcm:Content>
      <tcm:Metadata>
        <Metadata xmlns="http://www.sdl.com/web/schemas/core">
          <contentType xmlns:xlink="http://www.w3.org/1999/xlink" xlink:href="/webdav/110%20DXA%20Site%20Type/Content%20Type/Article.tkw" xlink:title="Article">Article</contentType>
          <pageSize>5</pageSize>
          <sort xmlns:xlink="http://www.w3.org/1999/xlink" xlink:href="/webdav/110%20DXA%20Site%20Type/List%20Sort%20Type/Last%20Published%20Date.tkw" xlink:title="Last Published Date">Last Published Date</sort>
        </Metadata>
      </tcm:Metadata>
      <tcm:IsBasedOnTridionWebSchema>true</tcm:IsBasedOnTridionWebSchema>
      <tcm:MultimediaType xlink:type="simple" xlink:title="" xlink:href="tcm:0-0-0" />
    </tcm:Data>
  </Data>
  <Dependencies>
    <Dependency dependencyType="Publication" itemUrl="/webdav/110%20DXA%20Site%20Type" linkName="LocationInfo/ContextRepository" />
    <Dependency dependencyType="OrganizationalItemFolder" itemUrl="/webdav/110%20DXA%20Site%20Type/Building%20Blocks/Content/_Cloneable%20Content" linkName="LocationInfo/OrganizationalItem" />
    <Dependency dependencyType="LinkedComponent" itemUrl="/webdav/110%20DXA%20Site%20Type/Building%20Blocks/Content/_Cloneable%20Content/Article.xml" linkName="Content" xpath="*[local-name() = 'ContentQuery'][1]/*[local-name() = 'link'][1]/*[local-name() = 'internalLink'][1]/@xlink:href" />
    <Dependency dependencyType="LinkedKeyword" itemUrl="/webdav/110%20DXA%20Site%20Type/Content%20Type/Article.tkw" linkName="Metadata" xpath="*[local-name() = 'Metadata'][1]/*[local-name() = 'contentType'][1]/@xlink:href" />
    <Dependency dependencyType="LinkedKeyword" itemUrl="/webdav/110%20DXA%20Site%20Type/List%20Sort%20Type/Last%20Published%20Date.tkw" linkName="Metadata" xpath="*[local-name() = 'Metadata'][1]/*[local-name() = 'sort'][1]/@xlink:href" />
    <Dependency dependencyType="Schema" itemUrl="/webdav/110%20DXA%20Site%20Type/Building%20Blocks/Modules/Core/Editor/Schemas/Content%20Query.xsd" linkName="Schema" />
  </Dependencies>
</PackageItem>