<PackageItem xmlns:tcm="http://www.tridion.com/ContentManager/5.0" xmlns:xlink="http://www.w3.org/1999/xlink" xmlns="http://www.sdltridion.com/ContentManager/ImportExport/Package/2013">
  <Data>
    <tcm:Data>
      <tcm:Title>Article</tcm:Title>
      <tcm:Type>Normal</tcm:Type>
      <tcm:Schema xlink:type="simple" xlink:title="Article" xlink:href="/webdav/110%20DXA%20Site%20Type/Building%20Blocks/Modules/Core/Editor/Schemas/Article.xsd" IsMandatory="false" />
      <tcm:Content>
        <Article xmlns="http://www.sdl.com/web/schemas/core">
          <headline>Heading</headline>
          <image xmlns:xlink="http://www.w3.org/1999/xlink" xlink:type="simple" xlink:href="/webdav/110%20DXA%20Site%20Type/Building%20Blocks/Content/_Cloneable%20Content/Large%20Image.jpg" xlink:title="Large Image" />
          <articleBody>
            <subheading>Subheading</subheading>
            <content>Lorem ipsum dolor sit amet, consectetur adipiscing elit. Nam tempus dui in rhoncus hendrerit. Aenean ullamcorper, nunc id sagittis dignissim, dolor quam egestas leo, eu hendrerit est elit aliquam urna. Nunc viverra venenatis ligula, sit amet eleifend eros. Maecenas vehicula auctor magna, a viverra ligula consequat eget. Nulla massa lorem, posuere ac gravida a, fermentum ac elit. Cras ac aliquam ante. Pellentesque varius laoreet diam in malesuada. Integer sed sollicitudin metus. Pellentesque fringilla lacinia nisl. Pellentesque quis massa nec nulla pellentesque accumsan. Phasellus a purus vehicula, mattis libero at, tempus tortor. Nulla felis metus, blandit at scelerisque eu, feugiat ac nulla. Morbi luctus fringilla tincidunt. Vestibulum nec aliquam elit. Cras ut justo tellus.</content>
            <media xmlns:xlink="http://www.w3.org/1999/xlink" xlink:type="simple" xlink:href="/webdav/110%20DXA%20Site%20Type/Building%20Blocks/Content/_Cloneable%20Content/YouTube%20Video.jpg" xlink:title="YouTube Video" />
            <caption>Media Caption</caption>
          </articleBody>
        </Article>
      </tcm:Content>
      <tcm:Metadata>
        <Metadata xmlns="http://www.sdl.com/web/schemas/core">
          <standardMeta>
            <dateCreated>2014-08-31T10:00:00</dateCreated>
            <description>Article Meta description for search engines.</description>
            <name xmlns:xlink="http://www.w3.org/1999/xlink">Article Short Title</name>
            <introText xmlns:xlink="http://www.w3.org/1999/xlink">Intro lorem ipsum dolor sit amet, consectetur adipiscing elit. Nam tempus dui in rhoncus hendrerit.</introText>
          </standardMeta>
        </Metadata>
      </tcm:Metadata>
      <tcm:IsBasedOnTridionWebSchema>true</tcm:IsBasedOnTridionWebSchema>
      <tcm:MultimediaType xlink:type="simple" xlink:title="" xlink:href="tcm:0-0-0" />
    </tcm:Data>
  </Data>
  <Dependencies>
    <Dependency dependencyType="Publication" itemUrl="/webdav/110%20DXA%20Site%20Type" linkName="LocationInfo/ContextRepository" />
    <Dependency dependencyType="OrganizationalItemFolder" itemUrl="/webdav/110%20DXA%20Site%20Type/Building%20Blocks/Content/_Cloneable%20Content" linkName="LocationInfo/OrganizationalItem" />
    <Dependency dependencyType="LinkedComponent" itemUrl="/webdav/110%20DXA%20Site%20Type/Building%20Blocks/Content/_Cloneable%20Content/Large%20Image.jpg" linkName="Content" xpath="*[local-name() = 'Article'][1]/*[local-name() = 'image'][1]/@xlink:href" />
    <Dependency dependencyType="LinkedComponent" itemUrl="/webdav/110%20DXA%20Site%20Type/Building%20Blocks/Content/_Cloneable%20Content/YouTube%20Video.jpg" linkName="Content" xpath="*[local-name() = 'Article'][1]/*[local-name() = 'articleBody'][1]/*[local-name() = 'media'][1]/@xlink:href" />
    <Dependency dependencyType="Schema" itemUrl="/webdav/110%20DXA%20Site%20Type/Building%20Blocks/Modules/Core/Editor/Schemas/Article.xsd" linkName="Schema" />
  </Dependencies>
</PackageItem>