<Index dataContractVersion="201501" xmlns="http://www.sdltridion.com/ContentManager/ImportExport/Package/2013">
  <Item id="tcm:0-0-0" selected="false" exported="true">
    <ApplicationIds>
      <ApplicationId>http://www.sdl.com/tridion/SemanticMapping/vocabularies</ApplicationId>
    </ApplicationIds>
    <Item id="af34552ef2db4bd7bcff4f1ca68bed5f" title="000%20Empty" itemType="Publication" selected="false" exported="false">
      <Item id="c0bb49db3d5143eeac32d114c2e0ab86" title="Building%20Blocks" itemType="Folder" selected="false" exported="false">
        <Item id="1981c90bdaa9418abb75513bc01875e4" title="Default%20Templates" itemType="Folder" selected="false" exported="false">
          <Item id="tcm:1-34-32" title="Default%20Component%20Template" extension="tctcmp" itemType="ComponentTemplate" blueprintStatus="LocalItem" selected="false" exported="true" />
          <Item id="5b6904be25844db6a29bee954ba2764c" title="Default%20Dreamweaver%20Component%20Design" extension="dwt" itemType="TemplateBuildingBlock" selected="false" exported="false" />
          <Item id="tcm:1-29-2048" title="Default%20Dreamweaver%20Page%20Design" extension="dwt" itemType="TemplateBuildingBlock" blueprintStatus="LocalItem" selected="false" exported="true" />
          <Item id="8df4166047644d0b801b2b9712303688" title="Default%20Finish%20Actions" extension="tbbcmp" itemType="TemplateBuildingBlock" selected="false" exported="false" />
        </Item>
        <Item id="tcm:1-8-8" title="Default%20Multimedia%20Schema" extension="xsd" itemType="Schema" subtype="1" blueprintStatus="LocalItem" selected="false" exported="true" />
      </Item>
      <Item id="tcm:1-1-131074" title="Task%20Process" extension="tpd" itemType="ProcessDefinition" blueprintStatus="LocalItem" selected="false" exported="true" />
    </Item>
    <Item id="b638a1056c5d4f998497ab21cbe5171d" title="100%20Master" itemType="Publication" selected="false" exported="false">
      <Item id="a4cb43997225442b88dc256bababc0df" title="Building%20Blocks" itemType="Folder" selected="false" exported="false">
        <Item id="tcm:2-329-2" title="Content" itemType="Folder" blueprintStatus="LocalItem" selected="true" exported="true" />
        <Item id="2e245e1cb2ac4dd494e8f2a83151dfd8" title="Framework" itemType="Folder" selected="false" exported="false">
          <Item id="2431033b324e421798e731365e74cff4" title="Developer" itemType="Folder" selected="false" exported="false">
            <Item id="fb5a515f4cfb4270bed200c6345fba92" title="Schemas" itemType="Folder" selected="false" exported="false">
              <Item id="tcm:2-4444-8" title="Page%20Template%20Metadata" extension="xsd" itemType="Schema" subtype="3" blueprintStatus="LocalItem" selected="false" exported="true" />
              <Item id="5339ea14f23a42c58b6d83ded7f11db1" title="Region%20Metadata" extension="xsd" itemType="Schema" selected="false" exported="false" />
            </Item>
            <Item id="24b068083ee4496894db08604c2c6d12" title="Templates" itemType="Folder" selected="false" exported="false">
              <Item id="e25fbca794594aed835c2cca877e834b" title="Sdl%2EWeb%2ETridion%2ETemplates" itemType="Folder" selected="false" exported="false">
                <Item id="9ecd0e6ec6ad490fb81c20122e51381e" title="Default%20Page%20Template%20Finish%20Actions" extension="tbbcmp" itemType="TemplateBuildingBlock" selected="false" exported="false" />
                <Item id="31cb93888b464b8eb16c7732ac0c8519" title="Render%20Component%20Presentations" extension="tbbcs" itemType="TemplateBuildingBlock" selected="false" exported="false" />
                <Item id="7d1fb6c5b471456baa9ca4ba23378078" title="Render%20Page%20Content" extension="tbbcmp" itemType="TemplateBuildingBlock" selected="false" exported="false" />
              </Item>
              <Item id="tcm:2-155-128" title="JSON" extension="tptcmp" itemType="PageTemplate" blueprintStatus="LocalItem" selected="false" exported="true" />
              <Item id="28e7a9a0fb17446aaf49816d33dbc56d" title="Publish%20Settings" extension="tctcmp" itemType="ComponentTemplate" selected="false" exported="false" />
            </Item>
          </Item>
          <Item id="30cd79851399417f93cc7b2f1d1570a4" title="Site%20Manager" itemType="Folder" selected="false" exported="false">
            <Item id="484a0ffddf6f49abbbeccb745161fcb9" title="Schemas" itemType="Folder" selected="false" exported="false">
              <Item id="tcm:2-5060-8" title="Publication%20Metadata" extension="xsd" itemType="Schema" subtype="3" blueprintStatus="LocalItem" selected="false" exported="true" />
            </Item>
          </Item>
        </Item>
        <Item id="3b69c4e27b4e4dafad087077255ad575" title="Modules" itemType="Folder" selected="false" exported="false">
          <Item id="ee95d683d64041db9cf5963793dcb49a" title="Core" itemType="Folder" selected="false" exported="false">
            <Item id="329911434f8448488ab22ac7da3c06de" title="Admin" itemType="Folder" selected="false" exported="false">
              <Item id="364da99a326b4227a260925a583eb2f0" title="Core" extension="xml" itemType="Component" selected="false" exported="false" />
            </Item>
            <Item id="8497e848e1944ce0b22682b446c490bc" title="Editor" itemType="Folder" selected="false" exported="false">
              <Item id="404062ca3cf747299be01dcc4f0ecbe4" title="Schemas" itemType="Folder" selected="false" exported="false">
                <Item id="a85d6e2d08624739ba5bb9a8a46fb72c" title="Embedded" itemType="Folder" selected="false" exported="false">
                  <Item id="075a4968619b4b4187dd3c2c70a73ecd" title="Link" extension="xsd" itemType="Schema" selected="false" exported="false" />
                  <Item id="74456e29772349afa80b5c70fdae5ec5" title="Paragraph" extension="xsd" itemType="Schema" selected="false" exported="false" />
                  <Item id="85b66be019ec49b19b6141232dcde36b" title="Standard%20Metadata" extension="xsd" itemType="Schema" selected="false" exported="false" />
                </Item>
                <Item id="0941c39130cf4e89a05b54ae9a3e852a" title="Metadata" itemType="Folder" selected="false" exported="false">
                  <Item id="tcm:2-2744-8" title="Redirect%20Page%20Metadata" extension="xsd" itemType="Schema" subtype="3" blueprintStatus="LocalItem" selected="false" exported="true" />
                </Item>
                <Item id="tcm:2-80-8" title="Article" extension="xsd" itemType="Schema" blueprintStatus="LocalItem" selected="false" exported="true">
                  <ApplicationIds>
                    <ApplicationId>http://www.sdl.com/tridion/SemanticMapping/typeof</ApplicationId>
                  </ApplicationIds>
                </Item>
                <Item id="tcm:2-4465-8" title="Download" extension="xsd" itemType="Schema" subtype="1" blueprintStatus="LocalItem" selected="false" exported="true" />
                <Item id="tcm:2-79-8" title="Image" extension="xsd" itemType="Schema" subtype="1" blueprintStatus="LocalItem" selected="false" exported="true">
                  <ApplicationIds>
                    <ApplicationId>http://www.sdl.com/tridion/SemanticMapping/typeof</ApplicationId>
                  </ApplicationIds>
                </Item>
                <Item id="tcm:2-3273-8" title="News%20Article" extension="xsd" itemType="Schema" blueprintStatus="LocalItem" selected="false" exported="true">
                  <ApplicationIds>
                    <ApplicationId>http://www.sdl.com/tridion/SemanticMapping/typeof</ApplicationId>
                  </ApplicationIds>
                </Item>
                <Item id="tcm:2-2829-8" title="YouTube%20Video" extension="xsd" itemType="Schema" subtype="1" blueprintStatus="LocalItem" selected="false" exported="true" />
              </Item>
              <Item id="cc685df22eee4bdc96a535a44630c32c" title="Templates" itemType="Folder" selected="false" exported="false">
                <Item id="tcm:2-225-128" title="Content%20Page" extension="tptcmp" itemType="PageTemplate" blueprintStatus="LocalItem" selected="false" exported="true" />
              </Item>
            </Item>
            <Item id="b90752ca7efa410c908277d1de1fe412" title="Site%20Manager" itemType="Folder" selected="false" exported="false">
              <Item id="12ba040ff9ea4105a21f9927129f0a3c" title="Templates" itemType="Folder" selected="false" exported="false">
                <Item id="tcm:2-244-128" title="Include%20Page" extension="tptcmp" itemType="PageTemplate" blueprintStatus="LocalItem" selected="false" exported="true" />
              </Item>
            </Item>
          </Item>
        </Item>
      </Item>
      <Item id="53fd673d2fd0478194fbb043f9755731" title="Content%20Type" itemType="Category" selected="false" exported="false">
        <Item id="tcm:2-3262-1024" title="Article" extension="tkw" itemType="Keyword" blueprintStatus="LocalItem" selected="false" exported="true" />
        <Item id="tcm:2-3278-1024" title="News%20Article" extension="tkw" itemType="Keyword" blueprintStatus="LocalItem" selected="false" exported="true" />
      </Item>
      <Item id="tcm:2-2548-4096" title="DXA%20Development" itemType="BusinessProcessType" blueprintStatus="LocalItem" selected="true" exported="true" />
      <Item id="tcm:2-2551-4096" title="DXA%20Staging%2FLive" itemType="BusinessProcessType" blueprintStatus="LocalItem" selected="true" exported="true" />
      <Item id="e507082f7aba4552a81833665c7eee49" title="Home" itemType="StructureGroup" selected="false" exported="false">
        <Item id="tcm:2-34-4" title="_System" itemType="StructureGroup" blueprintStatus="LocalItem" selected="true" exported="true">
          <Item id="tcm:2-35-4" title="config" itemType="StructureGroup" blueprintStatus="LocalItem" selected="true" exported="true" />
          <Item id="tcm:2-42-4" title="include" itemType="StructureGroup" blueprintStatus="LocalItem" selected="true" exported="true" />
          <Item id="tcm:2-50-4" title="mappings" itemType="StructureGroup" blueprintStatus="LocalItem" selected="true" exported="true" />
          <Item id="tcm:2-41-4" title="resources" itemType="StructureGroup" blueprintStatus="LocalItem" selected="true" exported="true" />
          <Item id="tcm:2-156-64" title="Publish%20Settings" extension="tpg" itemType="Page" blueprintStatus="LocalItem" selected="true" exported="true" />
        </Item>
      </Item>
      <Item id="ee11ae98fe644213b30c76e24d708a32" title="List%20Sort%20Type" itemType="Category" selected="false" exported="false">
        <Item id="tcm:2-4550-1024" title="Content%20Date%20%28metadata%29" extension="tkw" itemType="Keyword" blueprintStatus="LocalItem" selected="false" exported="true" />
        <Item id="tcm:2-4549-1024" title="Last%20Published%20Date" extension="tkw" itemType="Keyword" blueprintStatus="LocalItem" selected="false" exported="true" />
      </Item>
      <Item id="66417a42bc70475ab56475c762b72eae" title="Social%20Networks" itemType="Category" selected="false" exported="false">
        <Item id="tcm:2-4426-1024" title="Facebook" extension="tkw" itemType="Keyword" blueprintStatus="LocalItem" selected="false" exported="true" />
        <Item id="tcm:2-4433-1024" title="Google%2B" extension="tkw" itemType="Keyword" blueprintStatus="LocalItem" selected="false" exported="true" />
        <Item id="tcm:2-4427-1024" title="LinkedIn" extension="tkw" itemType="Keyword" blueprintStatus="LocalItem" selected="false" exported="true" />
        <Item id="tcm:2-4429-1024" title="Pinterest" extension="tkw" itemType="Keyword" blueprintStatus="LocalItem" selected="false" exported="true" />
        <Item id="tcm:2-4425-1024" title="Twitter" extension="tkw" itemType="Keyword" blueprintStatus="LocalItem" selected="false" exported="true" />
      </Item>
    </Item>
    <Item id="tcm:0-1067-1" title="110%20DXA%20Site%20Type" itemType="Publication" selected="true" exported="true">
      <ApplicationIds>
        <ApplicationId>SiteEdit</ApplicationId>
      </ApplicationIds>
      <Item id="7bcfecc22afb412f9e19d384f7ebb4f4" title="Building%20Blocks" itemType="Folder" selected="false" exported="false">
        <Item id="26fb90b6efed4bfbad8971c3294e4113" title="Content" itemType="Folder" selected="false" exported="false">
          <Item id="tcm:1067-330-2" title="Articles" itemType="Folder" blueprintStatus="LocalItem" selected="true" exported="true">
            <Item id="tcm:1067-1345-2" title="News" itemType="Folder" blueprintStatus="LocalItem" selected="true" exported="true" />
          </Item>
          <Item id="tcm:1067-336-2" title="Images" itemType="Folder" blueprintStatus="LocalItem" selected="true" exported="true" />
          <Item id="tcm:1067-1313-2" title="Video" itemType="Folder" blueprintStatus="LocalItem" selected="true" exported="true" />
          <Item id="tcm:1067-1346-2" title="_Cloneable%20Content" itemType="Folder" blueprintStatus="LocalItem" selected="true" exported="true">
            <Item id="tcm:1067-4714" title="Another%20Large%20Image" extension="jpg" itemType="Component" subtype="1" blueprintStatus="LocalItem" selected="true" exported="true" />
            <Item id="tcm:1067-4599" title="Article" extension="xml" itemType="Component" blueprintStatus="LocalItem" selected="true" exported="true" />
            <Item id="tcm:1067-4730" title="Content%20List" extension="xml" itemType="Component" blueprintStatus="LocalItem" selected="true" exported="true" />
            <Item id="tcm:1067-4609" title="Content%20Query" extension="xml" itemType="Component" blueprintStatus="LocalItem" selected="true" exported="true" />
            <Item id="tcm:1067-4729" title="Heading" extension="xml" itemType="Component" blueprintStatus="LocalItem" selected="true" exported="true" />
            <Item id="tcm:1067-4727" title="Image%20List" extension="xml" itemType="Component" blueprintStatus="LocalItem" selected="true" exported="true" />
            <Item id="tcm:1067-4715" title="Item%20List" extension="xml" itemType="Component" blueprintStatus="LocalItem" selected="true" exported="true" />
            <Item id="tcm:1067-4597" title="Large%20Image" extension="jpg" itemType="Component" subtype="1" blueprintStatus="LocalItem" selected="true" exported="true" />
            <Item id="tcm:1067-4720" title="Medium%20Image" extension="jpg" itemType="Component" subtype="1" blueprintStatus="LocalItem" selected="true" exported="true" />
            <Item id="tcm:1067-4725" title="News%20Article" extension="xml" itemType="Component" blueprintStatus="LocalItem" selected="true" exported="true" />
            <Item id="tcm:1067-4605" title="Place" extension="xml" itemType="Component" blueprintStatus="LocalItem" selected="true" exported="true" />
            <Item id="tcm:1067-4615" title="Section" extension="xml" itemType="Component" blueprintStatus="LocalItem" selected="true" exported="true" />
            <Item id="tcm:1067-4608" title="Teaser" extension="xml" itemType="Component" blueprintStatus="LocalItem" selected="true" exported="true" />
            <Item id="tcm:1067-4598" title="YouTube%20Video" extension="jpg" itemType="Component" subtype="1" blueprintStatus="LocalItem" selected="true" exported="true" />
          </Item>
          <Item id="tcm:1067-606-2" title="_Structure" itemType="Folder" blueprintStatus="LocalItem" selected="true" exported="true">
            <Item id="tcm:1067-608-2" title="Footer" itemType="Folder" blueprintStatus="LocalItem" selected="true" exported="true">
              <Item id="tcm:1067-4440" title="Social%20Network%20Pages" extension="xml" itemType="Component" blueprintStatus="LocalItem" selected="true" exported="true" />
            </Item>
            <Item id="tcm:1067-607-2" title="Header" itemType="Folder" blueprintStatus="LocalItem" selected="true" exported="true">
              <Item id="tcm:1067-4839" title="Old%20Browser%20bar" extension="xml" itemType="Component" blueprintStatus="LocalItem" selected="true" exported="true" />
            </Item>
            <Item id="tcm:1067-4843" title="Error%20Page%20Not%20Found" extension="xml" itemType="Component" blueprintStatus="LocalItem" selected="true" exported="true" />
            <Item id="tcm:1067-4441" title="Social%20Sharing%20Links" extension="xml" itemType="Component" blueprintStatus="LocalItem" selected="true" exported="true" />
          </Item>
        </Item>
        <Item id="724ab1a336a14884b4cc8724b1509f61" title="Default%20Templates" itemType="Folder" selected="false" exported="false">
          <Item id="tcm:1067-34-32" title="Default%20Component%20Template" extension="tctcmp" itemType="ComponentTemplate" blueprintStatus="SharedItem" selected="false" exported="true" />
          <Item id="tcm:1067-29-2048" title="Default%20Dreamweaver%20Page%20Design" extension="dwt" itemType="TemplateBuildingBlock" blueprintStatus="SharedItem" selected="false" exported="true" />
        </Item>
        <Item id="32d6d3f6e2fe480b933f4879517fa88a" title="Framework" itemType="Folder" selected="false" exported="false">
          <Item id="ea17b864afb4407092bc8e918d77630d" title="Developer" itemType="Folder" selected="false" exported="false">
            <Item id="922aae89db284b00ab988886cc6ab176" title="Templates" itemType="Folder" selected="false" exported="false">
              <Item id="2ccd6e7e18194dabbdb573b4265a40c2" title="Publish%20HTML%20Design" extension="tctcmp" itemType="ComponentTemplate" selected="false" exported="false" />
            </Item>
          </Item>
          <Item id="c82b999cb2ef4f789f4feaf7b885f443" title="Site%20Manager" itemType="Folder" selected="false" exported="false">
            <Item id="d992544200dc4b5cbc56212fcb4a19a9" title="Schemas" itemType="Folder" selected="false" exported="false">
              <Item id="tcm:1067-10015-8" title="Page%20Navigation%20Metadata" extension="xsd" itemType="Schema" subtype="3" blueprintStatus="LocalItem" selected="true" exported="true" />
            </Item>
          </Item>
        </Item>
        <Item id="f579caf1a7764d95a43b9831d5f04d75" title="Modules" itemType="Folder" selected="false" exported="false">
          <Item id="c16d466528d54824bca500b928a7e062" title="Core" itemType="Folder" selected="false" exported="false">
            <Item id="abcdfe77141b4cf5818bc562bced673a" title="Editor" itemType="Folder" selected="false" exported="false">
              <Item id="66c1ad1c38974e21a1272a119ffa769c" title="Schemas" itemType="Folder" selected="false" exported="false">
                <Item id="bfd9e59ac2544ef3bb885841b7f2fc51" title="Metadata" itemType="Folder" selected="false" exported="false">
                  <Item id="tcm:1067-2744-8" title="Redirect%20Page%20Metadata" extension="xsd" itemType="Schema" subtype="3" blueprintStatus="SharedItem" selected="false" exported="true" />
                </Item>
                <Item id="tcm:1067-80-8" title="Article" extension="xsd" itemType="Schema" blueprintStatus="SharedItem" selected="false" exported="true">
                  <ApplicationIds>
                    <ApplicationId>http://www.sdl.com/tridion/SemanticMapping/typeof</ApplicationId>
                  </ApplicationIds>
                </Item>
                <Item id="94b6e2b5b5d64f87be95292dab8287c2" title="Content%20Query" extension="xsd" itemType="Schema" selected="false" exported="false" />
                <Item id="tcm:1067-79-8" title="Image" extension="xsd" itemType="Schema" subtype="1" blueprintStatus="SharedItem" selected="false" exported="true">
                  <ApplicationIds>
                    <ApplicationId>http://www.sdl.com/tridion/SemanticMapping/typeof</ApplicationId>
                  </ApplicationIds>
                </Item>
                <Item id="defc31d73f3f432d9988b3a54ad89f20" title="Item%20List" extension="xsd" itemType="Schema" selected="false" exported="false" />
                <Item id="tcm:1067-3273-8" title="News%20Article" extension="xsd" itemType="Schema" blueprintStatus="SharedItem" selected="false" exported="true">
                  <ApplicationIds>
                    <ApplicationId>http://www.sdl.com/tridion/SemanticMapping/typeof</ApplicationId>
                  </ApplicationIds>
                </Item>
                <Item id="48aece616c5042e9a27d7a0e5cc973b0" title="Place" extension="xsd" itemType="Schema" selected="false" exported="false" />
                <Item id="09c77e0cdd7f43afb1160ee7213a64b6" title="Teaser" extension="xsd" itemType="Schema" selected="false" exported="false" />
                <Item id="tcm:1067-2829-8" title="YouTube%20Video" extension="xsd" itemType="Schema" subtype="1" blueprintStatus="SharedItem" selected="false" exported="true" />
              </Item>
              <Item id="883c520dae7349df81f2f5ab93221bd1" title="Templates" itemType="Folder" selected="false" exported="false">
                <Item id="9ea32ebc817c43b3b44b3816ddf9ee33" title="Accordion" extension="tctcmp" itemType="ComponentTemplate" selected="false" exported="false" />
                <Item id="b9bd3f0d1f894a7aa14d845d222c9fb7" title="Article" extension="tctcmp" itemType="ComponentTemplate" selected="false" exported="false" />
                <Item id="2bb4f1c74b7a424c930b3757a686d920" title="Carousel%20%5BHero%5D" extension="tctcmp" itemType="ComponentTemplate" selected="false" exported="false" />
                <Item id="ea4a3470fe8d41558eee78660ad06cf5" title="Content%20Page%20Without%20Navigation" extension="tptcmp" itemType="PageTemplate" selected="false" exported="false" />
                <Item id="tcm:1067-225-128" title="Content%20Page" extension="tptcmp" itemType="PageTemplate" blueprintStatus="SharedItem" selected="false" exported="true" />
                <Item id="300a537c5519448e9c21646f3779907d" title="Download" extension="tctcmp" itemType="ComponentTemplate" selected="false" exported="false" />
                <Item id="9721676e16714dedbf0f7c118055875b" title="Home%20Page" extension="tptcmp" itemType="PageTemplate" selected="false" exported="false" />
                <Item id="b28a4134cffa4fafb7560115bbe774cd" title="List%20%5B3-Column%5D" extension="tctcmp" itemType="ComponentTemplate" selected="false" exported="false" />
                <Item id="60ba01c3d3b54009b2d801696b289391" title="Paged%20List" extension="tctcmp" itemType="ComponentTemplate" selected="false" exported="false" />
                <Item id="0dca204028594857a70c094a3f9b1df8" title="Place" extension="tctcmp" itemType="ComponentTemplate" selected="false" exported="false" />
                <Item id="8df93e9d96394ac49781957890e19249" title="Redirect%20Page" extension="tptcmp" itemType="PageTemplate" selected="false" exported="false" />
                <Item id="bcabc9b9983d4514a86e6124b4668119" title="Section%20Page" extension="tptcmp" itemType="PageTemplate" selected="false" exported="false" />
                <Item id="a048c85f68714f53a3e2d5ea17973a30" title="Tab" extension="tctcmp" itemType="ComponentTemplate" selected="false" exported="false" />
                <Item id="e624970b073542058033f3b4cd69fff0" title="Teaser%20%5B2-Column%5D" extension="tctcmp" itemType="ComponentTemplate" selected="false" exported="false" />
                <Item id="718e13014aaf4f0282e0aaa7a8d3446d" title="Teaser%20%5B3-Column%5D" extension="tctcmp" itemType="ComponentTemplate" selected="false" exported="false" />
                <Item id="d4b3f55c2bd64b769c9908e66f676b0e" title="Teaser%20Map%20%5B2-Column%5D" extension="tctcmp" itemType="ComponentTemplate" selected="false" exported="false" />
                <Item id="aa6ee47b58f84906b358d90dedf562cf" title="Teaser%20Map%20%5B3-Column%5D" extension="tctcmp" itemType="ComponentTemplate" selected="false" exported="false" />
                <Item id="4695dd8e0dfb45c199cba81897671687" title="Thumbnail%20List" extension="tctcmp" itemType="ComponentTemplate" selected="false" exported="false" />
                <Item id="1ff7efcb0d3540c698ad5d4cc547e6a0" title="YouTube%20Video" extension="tctcmp" itemType="ComponentTemplate" selected="false" exported="false" />
              </Item>
            </Item>
            <Item id="7df3f283f5bf4f61a1a4d58d3f38482d" title="Site%20Manager" itemType="Folder" selected="false" exported="false">
              <Item id="28c1261a3d664023b14965f338a558e8" title="Schemas" itemType="Folder" selected="false" exported="false">
                <Item id="7077134a7d4d4786a472e1d754b86f7b" title="Notification%20Bar" extension="xsd" itemType="Schema" selected="false" exported="false" />
                <Item id="6115faef55fe46a3bf215aa445308e07" title="Social%20Links" extension="xsd" itemType="Schema" selected="false" exported="false" />
              </Item>
              <Item id="267229613a0b4655ae445ba2543b2935" title="Templates" itemType="Folder" selected="false" exported="false">
                <Item id="a181b262c28f48c99f72fb19bf03fc2b" title="Breadcrumb%20%5BTools%5D" extension="tctcmp" itemType="ComponentTemplate" selected="false" exported="false" />
                <Item id="4fcd011f81814989a255aaadceb4814c" title="Language%20Selector%20%5BNav%5D" extension="tctcmp" itemType="ComponentTemplate" selected="false" exported="false" />
                <Item id="8315f99f6029440281b9c8e2c05671d0" title="Left%20Navigation%20%5BLeft%5D" extension="tctcmp" itemType="ComponentTemplate" selected="false" exported="false" />
                <Item id="280aa1bdce134eaa8a8c78eb2eee75a5" title="Old%20Browser%20Notification%20Bar%20%5BInfo%5D" extension="tctcmp" itemType="ComponentTemplate" selected="false" exported="false" />
                <Item id="f74dde45e8714bc286333ab86dc9ff66" title="Social%20Links%20%5B4-Column%5D" extension="tctcmp" itemType="ComponentTemplate" selected="false" exported="false" />
                <Item id="2b148c7d670847169468104926091e53" title="Social%20Sharing%20%5BTools%5D" extension="tctcmp" itemType="ComponentTemplate" selected="false" exported="false" />
                <Item id="07ae4fa17ea4447498fd21b5c6f41628" title="Top%20Navigation%20%5BNav%5D" extension="tctcmp" itemType="ComponentTemplate" selected="false" exported="false" />
              </Item>
            </Item>
          </Item>
        </Item>
        <Item id="fdee1cd26f9e44c1b2cad880f952b23f" title="Settings" itemType="Folder" selected="false" exported="false">
          <Item id="b417e522ccbb4073a0f36c80bde1486a" title="Core" itemType="Folder" selected="false" exported="false">
            <Item id="4cec183741a14bd780c5357d5c2f3355" title="Site%20Manager" itemType="Folder" selected="false" exported="false">
              <Item id="00edd6129b4c4b2399f380e7e80d7839" title="HTML%20Design%20Configuration" extension="xml" itemType="Component" selected="false" exported="false" />
              <Item id="ad52c80361874023b11f2d7b50da3d94" title="Language%20Selector%20Configuration" extension="xml" itemType="Component" selected="false" exported="false" />
              <Item id="0ffa7fb62c9c418f88625c540a69498b" title="Navigation%20Configuration" extension="xml" itemType="Component" selected="false" exported="false" />
            </Item>
          </Item>
        </Item>
        <Item id="tcm:1067-8-8" title="Default%20Multimedia%20Schema" extension="xsd" itemType="Schema" subtype="1" blueprintStatus="SharedItem" selected="false" exported="true" />
      </Item>
      <Item id="be83257f1a60416199564336becad13c" title="Content%20Type" itemType="Category" selected="false" exported="false">
        <Item id="tcm:1067-3262-1024" title="Article" extension="tkw" itemType="Keyword" blueprintStatus="SharedItem" selected="false" exported="true" />
      </Item>
      <Item id="tcm:1067-2548-4096" title="DXA%20Development" itemType="BusinessProcessType" blueprintStatus="SharedItem" selected="true" exported="true" />
      <Item id="6d0ed3ee07ef4effb7eb9d188d4f9ad4" title="Home" itemType="StructureGroup" selected="false" exported="false">
        <Item id="tcm:1067-605-4" title="_Page%20Types" itemType="StructureGroup" blueprintStatus="LocalItem" selected="true" exported="true">
          <Item id="tcm:1067-4592-64" title="Accordion%20Page" extension="tpg" itemType="Page" blueprintStatus="LocalItem" selected="true" exported="true">
            <ApplicationIds>
              <ApplicationId>SiteEdit</ApplicationId>
            </ApplicationIds>
          </Item>
          <Item id="tcm:1067-4588-64" title="Article%20Page" extension="tpg" itemType="Page" blueprintStatus="LocalItem" selected="true" exported="true">
            <ApplicationIds>
              <ApplicationId>SiteEdit</ApplicationId>
            </ApplicationIds>
          </Item>
          <Item id="tcm:1067-4594-64" title="Dynamic%20List" extension="tpg" itemType="Page" blueprintStatus="LocalItem" selected="true" exported="true">
            <ApplicationIds>
              <ApplicationId>SiteEdit</ApplicationId>
            </ApplicationIds>
          </Item>
          <Item id="tcm:1067-4591-64" title="Gallery%20Page" extension="tpg" itemType="Page" blueprintStatus="LocalItem" selected="true" exported="true">
            <ApplicationIds>
              <ApplicationId>SiteEdit</ApplicationId>
            </ApplicationIds>
          </Item>
          <Item id="tcm:1067-4590-64" title="Location%20Page" extension="tpg" itemType="Page" blueprintStatus="LocalItem" selected="true" exported="true">
            <ApplicationIds>
              <ApplicationId>SiteEdit</ApplicationId>
            </ApplicationIds>
          </Item>
          <Item id="tcm:1067-4589-64" title="News%20Article%20Page" extension="tpg" itemType="Page" blueprintStatus="LocalItem" selected="true" exported="true">
            <ApplicationIds>
              <ApplicationId>SiteEdit</ApplicationId>
            </ApplicationIds>
          </Item>
          <Item id="tcm:1067-4595-64" title="Redirect%20Page" extension="tpg" itemType="Page" blueprintStatus="LocalItem" selected="true" exported="true">
            <ApplicationIds>
              <ApplicationId>SiteEdit</ApplicationId>
            </ApplicationIds>
          </Item>
          <Item id="tcm:1067-4587-64" title="Section%20Page%20with%20Carousel" extension="tpg" itemType="Page" blueprintStatus="LocalItem" selected="true" exported="true">
            <ApplicationIds>
              <ApplicationId>SiteEdit</ApplicationId>
            </ApplicationIds>
          </Item>
          <Item id="tcm:1067-4586-64" title="Section%20Page" extension="tpg" itemType="Page" blueprintStatus="LocalItem" selected="true" exported="true">
            <ApplicationIds>
              <ApplicationId>SiteEdit</ApplicationId>
            </ApplicationIds>
          </Item>
          <Item id="tcm:1067-4593-64" title="Tabbed%20Content%20Page" extension="tpg" itemType="Page" blueprintStatus="LocalItem" selected="true" exported="true">
            <ApplicationIds>
              <ApplicationId>SiteEdit</ApplicationId>
            </ApplicationIds>
          </Item>
        </Item>
        <Item id="tcm:1067-34-4" title="_System" itemType="StructureGroup" blueprintStatus="SharedItem" selected="true" exported="true">
          <Item id="tcm:1067-1307-4" title="assets" itemType="StructureGroup" blueprintStatus="LocalItem" selected="true" exported="true">
            <Item id="tcm:1067-1308-4" title="css" itemType="StructureGroup" blueprintStatus="LocalItem" selected="true" exported="true" />
            <Item id="tcm:1067-1309-4" title="fonts" itemType="StructureGroup" blueprintStatus="LocalItem" selected="true" exported="true" />
            <Item id="tcm:1067-1311-4" title="images" itemType="StructureGroup" blueprintStatus="LocalItem" selected="true" exported="true" />
            <Item id="tcm:1067-1310-4" title="scripts" itemType="StructureGroup" blueprintStatus="LocalItem" selected="true" exported="true" />
          </Item>
          <Item id="tcm:1067-35-4" title="config" itemType="StructureGroup" blueprintStatus="SharedItem" selected="true" exported="true" />
          <Item id="tcm:1067-42-4" title="include" itemType="StructureGroup" blueprintStatus="SharedItem" selected="true" exported="true">
            <Item id="tcm:1067-4447-64" title="Content%20Tools" extension="tpg" itemType="Page" blueprintStatus="LocalItem" selected="true" exported="true" />
            <Item id="tcm:1067-1489-64" title="Footer" extension="tpg" itemType="Page" blueprintStatus="LocalItem" selected="true" exported="true" />
            <Item id="tcm:1067-1480-64" title="Header" extension="tpg" itemType="Page" blueprintStatus="LocalItem" selected="true" exported="true" />
            <Item id="tcm:1067-4449-64" title="Left%20Navigation" extension="tpg" itemType="Page" blueprintStatus="LocalItem" selected="true" exported="true" />
          </Item>
          <Item id="tcm:1067-50-4" title="mappings" itemType="StructureGroup" blueprintStatus="SharedItem" selected="true" exported="true" />
          <Item id="tcm:1067-41-4" title="resources" itemType="StructureGroup" blueprintStatus="SharedItem" selected="true" exported="true" />
          <Item id="tcm:1067-4455-64" title="Publish%20HTML%20Design" extension="tpg" itemType="Page" blueprintStatus="LocalItem" selected="true" exported="true" />
          <Item id="tcm:1067-156-64" title="Publish%20Settings" extension="tpg" itemType="Page" blueprintStatus="SharedItem" selected="true" exported="true" />
        </Item>
        <Item id="tcm:1067-640-64" title="000%20Home" extension="tpg" itemType="Page" blueprintStatus="LocalItem" selected="true" exported="true" />
        <Item id="tcm:1067-4844-64" title="_Error%20Page%20Not%20Found" extension="tpg" itemType="Page" blueprintStatus="LocalItem" selected="true" exported="true" />
      </Item>
      <Item id="e734513a58b74fdabf794c7af5375340" title="List%20Sort%20Type" itemType="Category" selected="false" exported="false">
        <Item id="tcm:1067-4549-1024" title="Last%20Published%20Date" extension="tkw" itemType="Keyword" blueprintStatus="SharedItem" selected="false" exported="true" />
      </Item>
      <Item id="tcm:1067-2680-512" title="Sitemap%20%5BNavigation%5D" itemType="Category" blueprintStatus="LocalItem" selected="true" exported="true" />
      <Item id="25aca9d53d9147b599edd15963e25c6b" title="Social%20Networks" itemType="Category" selected="false" exported="false">
        <Item id="tcm:1067-4426-1024" title="Facebook" extension="tkw" itemType="Keyword" blueprintStatus="SharedItem" selected="false" exported="true" />
        <Item id="tcm:1067-4433-1024" title="Google%2B" extension="tkw" itemType="Keyword" blueprintStatus="SharedItem" selected="false" exported="true" />
        <Item id="tcm:1067-4427-1024" title="LinkedIn" extension="tkw" itemType="Keyword" blueprintStatus="SharedItem" selected="false" exported="true" />
        <Item id="tcm:1067-4429-1024" title="Pinterest" extension="tkw" itemType="Keyword" blueprintStatus="SharedItem" selected="false" exported="true" />
        <Item id="tcm:1067-4425-1024" title="Twitter" extension="tkw" itemType="Keyword" blueprintStatus="SharedItem" selected="false" exported="true" />
      </Item>
      <Item id="tcm:1067-1-131074" title="Task%20Process" extension="tpd" itemType="ProcessDefinition" blueprintStatus="SharedItem" selected="false" exported="true" />
    </Item>
    <Item id="tcm:0-1068-1" title="200%20Example%20Content" itemType="Publication" selected="true" exported="true">
      <Item id="23b4dff0ccc748bb9c161b8208ee216e" title="Building%20Blocks" itemType="Folder" selected="false" exported="false">
        <Item id="c45484a266c245efa15b908b7307c261" title="Content" itemType="Folder" selected="false" exported="false">
          <Item id="tcm:1068-604-2" title="About" itemType="Folder" blueprintStatus="LocalItem" selected="true" exported="true">
            <Item id="tcm:1068-1458" title="Company%20Information" extension="xml" itemType="Component" blueprintStatus="LocalItem" selected="true" exported="true" />
            <Item id="tcm:1068-4478" title="Contact%20Tab%20Content" extension="xml" itemType="Component" blueprintStatus="LocalItem" selected="true" exported="true" />
            <Item id="tcm:1068-4479" title="Head%20Office%20Location" extension="xml" itemType="Component" blueprintStatus="LocalItem" selected="true" exported="true" />
            <Item id="tcm:1068-1461" title="Privacy%20Policy" extension="xml" itemType="Component" blueprintStatus="LocalItem" selected="true" exported="true" />
            <Item id="tcm:1068-1460" title="Terms%20of%20Use" extension="xml" itemType="Component" blueprintStatus="LocalItem" selected="true" exported="true" />
          </Item>
          <Item id="be34423361e24e32b3ce6e673b8ead8a" title="Articles" itemType="Folder" selected="false" exported="false">
            <Item id="04d5bd4250084d5bb70cebdd4a23c8ee" title="News" itemType="Folder" selected="false" exported="false">
              <Item id="tcm:1068-4565" title="Example%20News%201" extension="xml" itemType="Component" blueprintStatus="LocalItem" selected="true" exported="true" />
              <Item id="tcm:1068-4566" title="Example%20News%202" extension="xml" itemType="Component" blueprintStatus="LocalItem" selected="true" exported="true" />
              <Item id="tcm:1068-4567" title="Example%20News%203" extension="xml" itemType="Component" blueprintStatus="LocalItem" selected="true" exported="true" />
              <Item id="tcm:1068-4568" title="Example%20News%204" extension="xml" itemType="Component" blueprintStatus="LocalItem" selected="true" exported="true" />
            </Item>
            <Item id="tcm:1068-3286" title="All%20Articles%20Index" extension="xml" itemType="Component" blueprintStatus="LocalItem" selected="true" exported="true" />
            <Item id="tcm:1068-4575" title="All%20Articles%20Intro" extension="xml" itemType="Component" blueprintStatus="LocalItem" selected="true" exported="true" />
            <Item id="tcm:1068-1468" title="Articles%20Intro" extension="xml" itemType="Component" blueprintStatus="LocalItem" selected="true" exported="true" />
            <Item id="tcm:1068-3287" title="Latest%20News" extension="xml" itemType="Component" blueprintStatus="LocalItem" selected="true" exported="true" />
            <Item id="tcm:1068-4573" title="News%20Articles%20Index" extension="xml" itemType="Component" blueprintStatus="LocalItem" selected="true" exported="true" />
            <Item id="tcm:1068-1467" title="News%20Intro" extension="xml" itemType="Component" blueprintStatus="LocalItem" selected="true" exported="true" />
          </Item>
          <Item id="tcm:1068-332-2" title="Downloads" itemType="Folder" blueprintStatus="LocalItem" selected="true" exported="true">
            <Item id="tcm:1068-4476" title="Company%20Report%202013" extension="pdf" itemType="Component" subtype="1" blueprintStatus="LocalItem" selected="true" exported="true" />
            <Item id="tcm:1068-4475" title="Company%20Report%202014" extension="pdf" itemType="Component" subtype="1" blueprintStatus="LocalItem" selected="true" exported="true" />
          </Item>
          <Item id="tcm:1068-335-2" title="Further%20Information" itemType="Folder" blueprintStatus="LocalItem" selected="true" exported="true">
            <Item id="tcm:1068-1464" title="Downloads%20Intro" extension="xml" itemType="Component" blueprintStatus="LocalItem" selected="true" exported="true" />
            <Item id="tcm:1068-4477" title="FAQ%20Content" extension="xml" itemType="Component" blueprintStatus="LocalItem" selected="true" exported="true" />
            <Item id="tcm:1068-1462" title="FAQ%20Intro" extension="xml" itemType="Component" blueprintStatus="LocalItem" selected="true" exported="true" />
            <Item id="tcm:1068-1465" title="Further%20Information%20Intro" extension="xml" itemType="Component" blueprintStatus="LocalItem" selected="true" exported="true" />
            <Item id="tcm:1068-1463" title="Image%20Library%20Intro" extension="xml" itemType="Component" blueprintStatus="LocalItem" selected="true" exported="true" />
            <Item id="tcm:1068-3285" title="Image%20Library" extension="xml" itemType="Component" blueprintStatus="LocalItem" selected="true" exported="true" />
          </Item>
          <Item id="tcm:1068-334-2" title="Homepage" itemType="Folder" blueprintStatus="LocalItem" selected="true" exported="true">
            <Item id="tcm:1068-1472" title="Homepage%20List" extension="xml" itemType="Component" blueprintStatus="LocalItem" selected="true" exported="true" />
            <Item id="tcm:1068-4975" title="Homepage%20Welcome" extension="xml" itemType="Component" blueprintStatus="LocalItem" selected="true" exported="true" />
          </Item>
          <Item id="a8e0f32b49d84e2c8933cd4a887f4ce2" title="Images" itemType="Folder" selected="false" exported="false">
            <Item id="tcm:1068-337-2" title="Large" itemType="Folder" blueprintStatus="LocalItem" selected="true" exported="true">
              <Item id="tcm:1068-755" title="ballon-burner" extension="jpg" itemType="Component" subtype="1" blueprintStatus="LocalItem" selected="true" exported="true" />
              <Item id="tcm:1068-756" title="balloons" extension="jpg" itemType="Component" subtype="1" blueprintStatus="LocalItem" selected="true" exported="true" />
              <Item id="tcm:1068-757" title="blueprint" extension="jpg" itemType="Component" subtype="1" blueprintStatus="LocalItem" selected="true" exported="true" />
              <Item id="tcm:1068-758" title="bridge" extension="jpg" itemType="Component" subtype="1" blueprintStatus="LocalItem" selected="true" exported="true" />
              <Item id="tcm:1068-759" title="bulls-eye" extension="JPG" itemType="Component" subtype="1" blueprintStatus="LocalItem" selected="true" exported="true" />
              <Item id="tcm:1068-760" title="calculator" extension="jpg" itemType="Component" subtype="1" blueprintStatus="LocalItem" selected="true" exported="true" />
              <Item id="tcm:1068-761" title="map" extension="jpg" itemType="Component" subtype="1" blueprintStatus="LocalItem" selected="true" exported="true" />
              <Item id="tcm:1068-762" title="planes" extension="jpg" itemType="Component" subtype="1" blueprintStatus="LocalItem" selected="true" exported="true" />
              <Item id="tcm:1068-763" title="skyline" extension="jpg" itemType="Component" subtype="1" blueprintStatus="LocalItem" selected="true" exported="true" />
              <Item id="tcm:1068-764" title="skyscrapers" extension="jpg" itemType="Component" subtype="1" blueprintStatus="LocalItem" selected="true" exported="true" />
              <Item id="tcm:1068-765" title="wall" extension="jpg" itemType="Component" subtype="1" blueprintStatus="LocalItem" selected="true" exported="true" />
              <Item id="tcm:1068-766" title="wine-cellar" extension="jpg" itemType="Component" subtype="1" blueprintStatus="LocalItem" selected="true" exported="true" />
            </Item>
          </Item>
          <Item id="fb7a9762b22d4478931e887eed6fcc1e" title="Video" itemType="Folder" selected="false" exported="false">
            <Item id="tcm:1068-4480" title="Company%20News%20Media%20Manager%20Video" extension="png" itemType="Component" subtype="1" blueprintStatus="LocalItem" selected="true" exported="true" />
          </Item>
          <Item id="f523ced57e7942ccb6c725e34d1b8bb0" title="_Structure" itemType="Folder" selected="false" exported="false">
            <Item id="cad11aad4b494661bc35c8cda4e9cb82" title="Header" itemType="Folder" selected="false" exported="false">
              <Item id="tcm:1068-1482" title="Company%20Logo%20540%20px" extension="png" itemType="Component" subtype="1" blueprintStatus="LocalItem" selected="true" exported="true" />
            </Item>
          </Item>
        </Item>
        <Item id="c8fb396a4e9d40a9acaa512dc2a16e93" title="Default%20Templates" itemType="Folder" selected="false" exported="false">
          <Item id="tcm:1068-34-32" title="Default%20Component%20Template" extension="tctcmp" itemType="ComponentTemplate" blueprintStatus="SharedItem" selected="false" exported="true" />
          <Item id="tcm:1068-29-2048" title="Default%20Dreamweaver%20Page%20Design" extension="dwt" itemType="TemplateBuildingBlock" blueprintStatus="SharedItem" selected="false" exported="true" />
        </Item>
        <Item id="5aee11984ebd45c2adf91f0d8a42ba6a" title="Modules" itemType="Folder" selected="false" exported="false">
          <Item id="f63d9d06a8ca419999df2259778dadc2" title="Core" itemType="Folder" selected="false" exported="false">
            <Item id="7a16ccd22e1b49e881d3101f103d4494" title="Editor" itemType="Folder" selected="false" exported="false">
              <Item id="1827966a10294ab4a2f591e7f9605f92" title="Schemas" itemType="Folder" selected="false" exported="false">
                <Item id="146ee5f490d34a0f83166d72490ce1e4" title="Article" extension="xsd" itemType="Schema" selected="false" exported="false" />
                <Item id="0bd7ce25c5a8447398ad7e7d654d9ba0" title="Content%20Query" extension="xsd" itemType="Schema" selected="false" exported="false" />
                <Item id="tcm:1068-4465-8" title="Download" extension="xsd" itemType="Schema" subtype="1" blueprintStatus="SharedItem" selected="false" exported="true" />
                <Item id="tcm:1068-79-8" title="Image" extension="xsd" itemType="Schema" subtype="1" blueprintStatus="SharedItem" selected="false" exported="true">
                  <ApplicationIds>
                    <ApplicationId>http://www.sdl.com/tridion/SemanticMapping/typeof</ApplicationId>
                  </ApplicationIds>
                </Item>
                <Item id="a5fe580697c74ed78506d4867f1f55d7" title="Item%20List" extension="xsd" itemType="Schema" selected="false" exported="false" />
                <Item id="41cc8b08a8174402a01b29e9f6c24b98" title="News%20Article" extension="xsd" itemType="Schema" selected="false" exported="false" />
                <Item id="a2298136b522448d8cdcd35550bea6e4" title="Place" extension="xsd" itemType="Schema" selected="false" exported="false" />
                <Item id="f6eb013bb6e54617b7dd3208b9249c89" title="YouTube%20Video" extension="xsd" itemType="Schema" selected="false" exported="false" />
              </Item>
              <Item id="82d4e476de0b4f78a23f22e8a030da4c" title="Templates" itemType="Folder" selected="false" exported="false">
                <Item id="tcm:1068-225-128" title="Content%20Page" extension="tptcmp" itemType="PageTemplate" blueprintStatus="SharedItem" selected="false" exported="true" />
              </Item>
            </Item>
          </Item>
        </Item>
        <Item id="tcm:1068-8-8" title="Default%20Multimedia%20Schema" extension="xsd" itemType="Schema" subtype="1" blueprintStatus="SharedItem" selected="false" exported="true" />
      </Item>
      <Item id="3bd4f2c3ea854803b1053296b9542523" title="Content%20Type" itemType="Category" selected="false" exported="false">
        <Item id="tcm:1068-3262-1024" title="Article" extension="tkw" itemType="Keyword" blueprintStatus="SharedItem" selected="false" exported="true" />
        <Item id="tcm:1068-3278-1024" title="News%20Article" extension="tkw" itemType="Keyword" blueprintStatus="SharedItem" selected="false" exported="true" />
      </Item>
      <Item id="08cfe843dff84a23973de8a5fefe9eeb" title="List%20Sort%20Type" itemType="Category" selected="false" exported="false">
        <Item id="tcm:1068-4550-1024" title="Content%20Date%20%28metadata%29" extension="tkw" itemType="Keyword" blueprintStatus="SharedItem" selected="false" exported="true" />
        <Item id="tcm:1068-4549-1024" title="Last%20Published%20Date" extension="tkw" itemType="Keyword" blueprintStatus="SharedItem" selected="false" exported="true" />
      </Item>
      <Item id="tcm:1068-1-131074" title="Task%20Process" extension="tpd" itemType="ProcessDefinition" blueprintStatus="SharedItem" selected="false" exported="true" />
    </Item>
    <Item id="tcm:0-8-1" title="400%20Example%20Site" itemType="Publication" selected="true" exported="true">
      <ApplicationIds>
        <ApplicationId>SiteEdit</ApplicationId>
      </ApplicationIds>
      <Item id="68786a4a3fd24d68a94964506d264747" title="Building%20Blocks" itemType="Folder" selected="false" exported="false">
        <Item id="tcm:8-329-2" title="Content" itemType="Folder" blueprintStatus="SharedItem" selected="true" exported="true">
          <Item id="tcm:8-604-2" title="About" itemType="Folder" blueprintStatus="SharedItem" selected="true" exported="true">
            <Item id="tcm:8-1458" title="Company%20Information" extension="xml" itemType="Component" blueprintStatus="SharedItem" selected="true" exported="true" />
            <Item id="tcm:8-4478" title="Contact%20Tab%20Content" extension="xml" itemType="Component" blueprintStatus="SharedItem" selected="true" exported="true" />
            <Item id="tcm:8-4479" title="Head%20Office%20Location" extension="xml" itemType="Component" blueprintStatus="SharedItem" selected="true" exported="true" />
            <Item id="tcm:8-1461" title="Privacy%20Policy" extension="xml" itemType="Component" blueprintStatus="SharedItem" selected="true" exported="true" />
            <Item id="tcm:8-1460" title="Terms%20of%20Use" extension="xml" itemType="Component" blueprintStatus="SharedItem" selected="true" exported="true" />
          </Item>
          <Item id="tcm:8-330-2" title="Articles" itemType="Folder" blueprintStatus="SharedItem" selected="true" exported="true">
            <Item id="tcm:8-1345-2" title="News" itemType="Folder" blueprintStatus="SharedItem" selected="true" exported="true">
              <Item id="tcm:8-4565" title="Example%20News%201" extension="xml" itemType="Component" blueprintStatus="SharedItem" selected="true" exported="true" />
              <Item id="tcm:8-4566" title="Example%20News%202" extension="xml" itemType="Component" blueprintStatus="SharedItem" selected="true" exported="true" />
              <Item id="tcm:8-4567" title="Example%20News%203" extension="xml" itemType="Component" blueprintStatus="SharedItem" selected="true" exported="true" />
              <Item id="tcm:8-4568" title="Example%20News%204" extension="xml" itemType="Component" blueprintStatus="SharedItem" selected="true" exported="true" />
            </Item>
            <Item id="tcm:8-3286" title="All%20Articles%20Index" extension="xml" itemType="Component" blueprintStatus="SharedItem" selected="true" exported="true" />
            <Item id="tcm:8-4575" title="All%20Articles%20Intro" extension="xml" itemType="Component" blueprintStatus="SharedItem" selected="true" exported="true" />
            <Item id="tcm:8-1468" title="Articles%20Intro" extension="xml" itemType="Component" blueprintStatus="SharedItem" selected="true" exported="true" />
            <Item id="tcm:8-3287" title="Latest%20News" extension="xml" itemType="Component" blueprintStatus="SharedItem" selected="true" exported="true" />
            <Item id="tcm:8-4573" title="News%20Articles%20Index" extension="xml" itemType="Component" blueprintStatus="SharedItem" selected="true" exported="true" />
            <Item id="tcm:8-1467" title="News%20Intro" extension="xml" itemType="Component" blueprintStatus="SharedItem" selected="true" exported="true" />
          </Item>
          <Item id="tcm:8-332-2" title="Downloads" itemType="Folder" blueprintStatus="SharedItem" selected="true" exported="true">
            <Item id="tcm:8-4476" title="Company%20Report%202013" extension="pdf" itemType="Component" subtype="1" blueprintStatus="SharedItem" selected="true" exported="true" />
            <Item id="tcm:8-4475" title="Company%20Report%202014" extension="pdf" itemType="Component" subtype="1" blueprintStatus="SharedItem" selected="true" exported="true" />
          </Item>
          <Item id="tcm:8-335-2" title="Further%20Information" itemType="Folder" blueprintStatus="SharedItem" selected="true" exported="true">
            <Item id="tcm:8-1464" title="Downloads%20Intro" extension="xml" itemType="Component" blueprintStatus="SharedItem" selected="true" exported="true" />
            <Item id="tcm:8-4477" title="FAQ%20Content" extension="xml" itemType="Component" blueprintStatus="SharedItem" selected="true" exported="true" />
            <Item id="tcm:8-1462" title="FAQ%20Intro" extension="xml" itemType="Component" blueprintStatus="SharedItem" selected="true" exported="true" />
            <Item id="tcm:8-1465" title="Further%20Information%20Intro" extension="xml" itemType="Component" blueprintStatus="SharedItem" selected="true" exported="true" />
            <Item id="tcm:8-1463" title="Image%20Library%20Intro" extension="xml" itemType="Component" blueprintStatus="SharedItem" selected="true" exported="true" />
            <Item id="tcm:8-3285" title="Image%20Library" extension="xml" itemType="Component" blueprintStatus="SharedItem" selected="true" exported="true" />
          </Item>
          <Item id="tcm:8-334-2" title="Homepage" itemType="Folder" blueprintStatus="SharedItem" selected="true" exported="true">
            <Item id="tcm:8-1472" title="Homepage%20List" extension="xml" itemType="Component" blueprintStatus="SharedItem" selected="true" exported="true" />
            <Item id="tcm:8-4975" title="Homepage%20Welcome" extension="xml" itemType="Component" blueprintStatus="SharedItem" selected="true" exported="true" />
          </Item>
          <Item id="tcm:8-336-2" title="Images" itemType="Folder" blueprintStatus="SharedItem" selected="true" exported="true">
            <Item id="tcm:8-337-2" title="Large" itemType="Folder" blueprintStatus="SharedItem" selected="true" exported="true">
              <Item id="tcm:8-755" title="ballon-burner" extension="jpg" itemType="Component" subtype="1" blueprintStatus="SharedItem" selected="true" exported="true" />
              <Item id="tcm:8-756" title="balloons" extension="jpg" itemType="Component" subtype="1" blueprintStatus="SharedItem" selected="true" exported="true" />
              <Item id="tcm:8-757" title="blueprint" extension="jpg" itemType="Component" subtype="1" blueprintStatus="SharedItem" selected="true" exported="true" />
              <Item id="tcm:8-758" title="bridge" extension="jpg" itemType="Component" subtype="1" blueprintStatus="SharedItem" selected="true" exported="true" />
              <Item id="tcm:8-759" title="bulls-eye" extension="JPG" itemType="Component" subtype="1" blueprintStatus="SharedItem" selected="true" exported="true" />
              <Item id="tcm:8-760" title="calculator" extension="jpg" itemType="Component" subtype="1" blueprintStatus="SharedItem" selected="true" exported="true" />
              <Item id="tcm:8-761" title="map" extension="jpg" itemType="Component" subtype="1" blueprintStatus="SharedItem" selected="true" exported="true" />
              <Item id="tcm:8-762" title="planes" extension="jpg" itemType="Component" subtype="1" blueprintStatus="SharedItem" selected="true" exported="true" />
              <Item id="tcm:8-763" title="skyline" extension="jpg" itemType="Component" subtype="1" blueprintStatus="SharedItem" selected="true" exported="true" />
              <Item id="tcm:8-764" title="skyscrapers" extension="jpg" itemType="Component" subtype="1" blueprintStatus="SharedItem" selected="true" exported="true" />
              <Item id="tcm:8-765" title="wall" extension="jpg" itemType="Component" subtype="1" blueprintStatus="SharedItem" selected="true" exported="true" />
              <Item id="tcm:8-766" title="wine-cellar" extension="jpg" itemType="Component" subtype="1" blueprintStatus="SharedItem" selected="true" exported="true" />
            </Item>
          </Item>
          <Item id="tcm:8-1313-2" title="Video" itemType="Folder" blueprintStatus="SharedItem" selected="true" exported="true">
            <Item id="tcm:8-4480" title="Company%20News%20Media%20Manager%20Video" extension="png" itemType="Component" subtype="1" blueprintStatus="SharedItem" selected="true" exported="true" />
          </Item>
          <Item id="tcm:8-1346-2" title="_Cloneable%20Content" itemType="Folder" blueprintStatus="SharedItem" selected="true" exported="true">
            <Item id="tcm:8-4714" title="Another%20Large%20Image" extension="jpg" itemType="Component" subtype="1" blueprintStatus="SharedItem" selected="true" exported="true" />
            <Item id="tcm:8-4599" title="Article" extension="xml" itemType="Component" blueprintStatus="SharedItem" selected="true" exported="true" />
            <Item id="tcm:8-4730" title="Content%20List" extension="xml" itemType="Component" blueprintStatus="SharedItem" selected="true" exported="true" />
            <Item id="tcm:8-4609" title="Content%20Query" extension="xml" itemType="Component" blueprintStatus="SharedItem" selected="true" exported="true" />
            <Item id="tcm:8-4729" title="Heading" extension="xml" itemType="Component" blueprintStatus="SharedItem" selected="true" exported="true" />
            <Item id="tcm:8-4727" title="Image%20List" extension="xml" itemType="Component" blueprintStatus="SharedItem" selected="true" exported="true" />
            <Item id="tcm:8-4715" title="Item%20List" extension="xml" itemType="Component" blueprintStatus="SharedItem" selected="true" exported="true" />
            <Item id="tcm:8-4597" title="Large%20Image" extension="jpg" itemType="Component" subtype="1" blueprintStatus="SharedItem" selected="true" exported="true" />
            <Item id="tcm:8-4720" title="Medium%20Image" extension="jpg" itemType="Component" subtype="1" blueprintStatus="SharedItem" selected="true" exported="true" />
            <Item id="tcm:8-4725" title="News%20Article" extension="xml" itemType="Component" blueprintStatus="SharedItem" selected="true" exported="true" />
            <Item id="tcm:8-4605" title="Place" extension="xml" itemType="Component" blueprintStatus="SharedItem" selected="true" exported="true" />
            <Item id="tcm:8-4615" title="Section" extension="xml" itemType="Component" blueprintStatus="SharedItem" selected="true" exported="true" />
            <Item id="tcm:8-4608" title="Teaser" extension="xml" itemType="Component" blueprintStatus="SharedItem" selected="true" exported="true" />
            <Item id="tcm:8-4598" title="YouTube%20Video" extension="jpg" itemType="Component" subtype="1" blueprintStatus="SharedItem" selected="true" exported="true" />
          </Item>
          <Item id="tcm:8-606-2" title="_Structure" itemType="Folder" blueprintStatus="SharedItem" selected="true" exported="true">
            <Item id="tcm:8-608-2" title="Footer" itemType="Folder" blueprintStatus="SharedItem" selected="true" exported="true">
              <Item id="tcm:8-1486" title="Footer%20Link%20Group%20-%20Products" extension="xml" itemType="Component" blueprintStatus="LocalItem" selected="true" exported="true" />
              <Item id="tcm:8-1485" title="Footer%20Link%20Group%20-%20Site%20Sections" extension="xml" itemType="Component" blueprintStatus="LocalItem" selected="true" exported="true" />
              <Item id="tcm:8-1487" title="Footer%20Link%20Group%20-%20Useful%20Links" extension="xml" itemType="Component" blueprintStatus="LocalItem" selected="true" exported="true" />
              <Item id="tcm:8-1484" title="Footer" extension="xml" itemType="Component" blueprintStatus="LocalItem" selected="true" exported="true" />
              <Item id="tcm:8-4440" title="Social%20Network%20Pages" extension="xml" itemType="Component" blueprintStatus="SharedItem" selected="true" exported="true" />
            </Item>
            <Item id="tcm:8-607-2" title="Header" itemType="Folder" blueprintStatus="SharedItem" selected="true" exported="true">
              <Item id="tcm:8-1482" title="Company%20Logo%20540%20px" extension="png" itemType="Component" subtype="1" blueprintStatus="SharedItem" selected="true" exported="true" />
              <Item id="tcm:8-4838" title="Cookie%20bar" extension="xml" itemType="Component" blueprintStatus="LocalItem" selected="true" exported="true" />
              <Item id="tcm:8-1483" title="Header%20Links" extension="xml" itemType="Component" blueprintStatus="LocalItem" selected="true" exported="true" />
              <Item id="tcm:8-1488" title="Header" extension="xml" itemType="Component" blueprintStatus="LocalItem" selected="true" exported="true" />
              <Item id="tcm:8-4839" title="Old%20Browser%20bar" extension="xml" itemType="Component" blueprintStatus="SharedItem" selected="true" exported="true" />
            </Item>
            <Item id="tcm:8-4843" title="Error%20Page%20Not%20Found" extension="xml" itemType="Component" blueprintStatus="SharedItem" selected="true" exported="true" />
            <Item id="tcm:8-4441" title="Social%20Sharing%20Links" extension="xml" itemType="Component" blueprintStatus="SharedItem" selected="true" exported="true" />
          </Item>
          <Item id="tcm:8-4858" title="Sitemap" extension="xml" itemType="Component" blueprintStatus="LocalItem" selected="true" exported="true" />
        </Item>
        <Item id="15ae08997b874015b02b3fad3b820741" title="Default%20Templates" itemType="Folder" selected="false" exported="false">
          <Item id="tcm:8-34-32" title="Default%20Component%20Template" extension="tctcmp" itemType="ComponentTemplate" blueprintStatus="SharedItem" selected="false" exported="true" />
          <Item id="tcm:8-29-2048" title="Default%20Dreamweaver%20Page%20Design" extension="dwt" itemType="TemplateBuildingBlock" blueprintStatus="SharedItem" selected="false" exported="true" />
        </Item>
        <Item id="4e71f9a49fc14f4fba0fb6287b2db949" title="Framework" itemType="Folder" selected="false" exported="false">
          <Item id="ed6721e72c534da9b92920bf692914ba" title="Site%20Manager" itemType="Folder" selected="false" exported="false">
            <Item id="34edd86497c24bb580d07b9ca9924f31" title="Schemas" itemType="Folder" selected="false" exported="false">
              <Item id="tcm:8-10015-8" title="Page%20Navigation%20Metadata" extension="xsd" itemType="Schema" subtype="3" blueprintStatus="SharedItem" selected="true" exported="true" />
              <Item id="tcm:8-5060-8" title="Publication%20Metadata" extension="xsd" itemType="Schema" subtype="3" blueprintStatus="SharedItem" selected="false" exported="true" />
            </Item>
          </Item>
        </Item>
        <Item id="ebd85cec1cb142939a1a7570e26539ed" title="Modules" itemType="Folder" selected="false" exported="false">
          <Item id="939d368df60b4c15988837f48af346b8" title="Core" itemType="Folder" selected="false" exported="false">
            <Item id="222f16df5d3d499f9ab12c9776d190dd" title="Editor" itemType="Folder" selected="false" exported="false">
              <Item id="a53b62b4ea124d49877e5c89106adf8c" title="Schemas" itemType="Folder" selected="false" exported="false">
                <Item id="2cbcf561cd4f447994cedaf5a2e44a06" title="Article" extension="xsd" itemType="Schema" selected="false" exported="false" />
                <Item id="f08e6633267645aa92cc12638d486875" title="Link%20List" extension="xsd" itemType="Schema" selected="false" exported="false" />
                <Item id="5bb294726b9241a3aab5eaf133f9d2be" title="Teaser" extension="xsd" itemType="Schema" selected="false" exported="false" />
              </Item>
              <Item id="631af43934ea4c759a0143c3fd23157e" title="Templates" itemType="Folder" selected="false" exported="false">
                <Item id="0db8eabb2cc84312ad80c95ef6751bc6" title="Accordion" extension="tctcmp" itemType="ComponentTemplate" selected="false" exported="false" />
                <Item id="35ad9a3831494689a56e9f885c19d698" title="Article" extension="tctcmp" itemType="ComponentTemplate" selected="false" exported="false" />
                <Item id="c9868d0a6d844d7484d477685bdf694f" title="Carousel%20%5BHero%5D" extension="tctcmp" itemType="ComponentTemplate" selected="false" exported="false" />
                <Item id="57d5fdd46ae34c4f847708577084af0e" title="Content%20Page%20Without%20Navigation" extension="tptcmp" itemType="PageTemplate" selected="false" exported="false" />
                <Item id="tcm:8-225-128" title="Content%20Page" extension="tptcmp" itemType="PageTemplate" blueprintStatus="SharedItem" selected="false" exported="true" />
                <Item id="951ec26b97394b9cb5a94af9c5d49ca0" title="Download" extension="tctcmp" itemType="ComponentTemplate" selected="false" exported="false" />
                <Item id="c403b5cdc6e24168b41eb5a0974072bd" title="Home%20Page" extension="tptcmp" itemType="PageTemplate" selected="false" exported="false" />
                <Item id="c112be356b10422ea3bf8db48f329467" title="List%20%5B3-Column%5D" extension="tctcmp" itemType="ComponentTemplate" selected="false" exported="false" />
                <Item id="b9beb2589e834040b29883db3fb39f56" title="Paged%20List" extension="tctcmp" itemType="ComponentTemplate" selected="false" exported="false" />
                <Item id="0382af2e5a534f95ad351da5239476e4" title="Place" extension="tctcmp" itemType="ComponentTemplate" selected="false" exported="false" />
                <Item id="fcf42c9a0b0d4781a8dc386d76d64163" title="Section%20Page" extension="tptcmp" itemType="PageTemplate" selected="false" exported="false" />
                <Item id="03a8151d091c41dc8c34ad6ed2483409" title="Tab" extension="tctcmp" itemType="ComponentTemplate" selected="false" exported="false" />
                <Item id="7b56b523de2c4c24b3f745f3d9363a64" title="Teaser%20-%20Image%20Overlay%20%5B3-Column%5D" extension="tctcmp" itemType="ComponentTemplate" selected="false" exported="false" />
                <Item id="6fcfb3cf3da749468e208aecf8a477a4" title="Teaser%20Map%20%5B3-Column%5D" extension="tctcmp" itemType="ComponentTemplate" selected="false" exported="false" />
                <Item id="588b3a13716c43ada9be93c0eebdcba2" title="Thumbnail%20List" extension="tctcmp" itemType="ComponentTemplate" selected="false" exported="false" />
                <Item id="5e81195bfbe44b3da8132620024af092" title="YouTube%20Video%20%5B3-Column%5D" extension="tctcmp" itemType="ComponentTemplate" selected="false" exported="false" />
              </Item>
            </Item>
            <Item id="1d2c02cc56d34d128294c972a5276e8b" title="Site%20Manager" itemType="Folder" selected="false" exported="false">
              <Item id="8c27d72b8a9d4308887198bceeb17fee" title="Schemas" itemType="Folder" selected="false" exported="false">
                <Item id="fad4be77671d4adeaf1aeeee35c609af" title="Notification%20Bar" extension="xsd" itemType="Schema" selected="false" exported="false" />
              </Item>
              <Item id="46211e57a9ae45609aa86490ca6eda0a" title="Templates" itemType="Folder" selected="false" exported="false">
                <Item id="91c3959a53624b15be95bf7e2e0347f9" title="Cookie%20Notification%20Bar%20%5BInfo%5D" extension="tctcmp" itemType="ComponentTemplate" selected="false" exported="false" />
                <Item id="150c1184d543443a847b2b3f1c4f9b4f" title="Footer%20Link%20Group%20%5B4-Column%5D" extension="tctcmp" itemType="ComponentTemplate" selected="false" exported="false" />
                <Item id="dccef43432a446dfbfd98430a1089b1c" title="Footer%20Links%20%5BLinks%5D" extension="tctcmp" itemType="ComponentTemplate" selected="false" exported="false" />
                <Item id="96e63297a4a64e1d886efc3753d1c88f" title="Header%20Links%20%5BNav%5D" extension="tctcmp" itemType="ComponentTemplate" selected="false" exported="false" />
                <Item id="064652324f784f80b692032ee407f0d9" title="Header%20Logo%20%5BLogo%5D" extension="tctcmp" itemType="ComponentTemplate" selected="false" exported="false" />
                <Item id="ff23b151f72d439e8a3b0414eef2a935" title="Language%20Selector%20%5BNav%5D" extension="tctcmp" itemType="ComponentTemplate" selected="false" exported="false" />
                <Item id="dedb6d83c90242829337011b5a0993c9" title="Old%20Browser%20Notification%20Bar%20%5BInfo%5D" extension="tctcmp" itemType="ComponentTemplate" selected="false" exported="false" />
                <Item id="60cae65b202c473281e47d7742bf77ce" title="Sitemap" extension="tctcmp" itemType="ComponentTemplate" selected="false" exported="false" />
                <Item id="3396a9bd9c8542df985646291715d008" title="Social%20Links%20%5B4-Column%5D" extension="tctcmp" itemType="ComponentTemplate" selected="false" exported="false" />
                <Item id="0a0c9c21cb484836aa4d962b1ea435b1" title="Top%20Navigation%20%5BNav%5D" extension="tctcmp" itemType="ComponentTemplate" selected="false" exported="false" />
              </Item>
            </Item>
          </Item>
        </Item>
        <Item id="94e1b1413f26472a963fcd977cb0d7db" title="Settings" itemType="Folder" selected="false" exported="false">
          <Item id="fa3986f542ec4753a25439b4ab1f1d01" title="Core" itemType="Folder" selected="false" exported="false">
            <Item id="a6243319b7ce4c449c89599c0265a48d" title="Site%20Manager" itemType="Folder" selected="false" exported="false">
              <Item id="32f73ed2264f49edb349d3bc07cbb798" title="Language%20Selector%20Configuration" extension="xml" itemType="Component" selected="false" exported="false" />
              <Item id="aa7dfcccf7d842168b59217616b06c6a" title="Navigation%20Configuration" extension="xml" itemType="Component" selected="false" exported="false" />
            </Item>
          </Item>
        </Item>
        <Item id="tcm:8-8-8" title="Default%20Multimedia%20Schema" extension="xsd" itemType="Schema" subtype="1" blueprintStatus="SharedItem" selected="false" exported="true" />
      </Item>
      <Item id="tcm:8-2551-4096" title="DXA%20Staging%2FLive" itemType="BusinessProcessType" blueprintStatus="SharedItem" selected="true" exported="true" />
      <Item id="e63bfdbe0da04b6f933b8349f0f43979" title="Home" itemType="StructureGroup" selected="false" exported="false">
        <Item id="tcm:8-282-4" title="010%20Articles" itemType="StructureGroup" blueprintStatus="LocalItem" selected="true" exported="true">
          <Item id="tcm:8-286-4" title="010%20News" itemType="StructureGroup" blueprintStatus="LocalItem" selected="true" exported="true">
            <Item id="tcm:8-642-64" title="000%20News%20Index" extension="tpg" itemType="Page" blueprintStatus="LocalItem" selected="true" exported="true" />
            <Item id="tcm:8-4569-64" title="Example%20News%201" extension="tpg" itemType="Page" blueprintStatus="LocalItem" selected="true" exported="true" />
            <Item id="tcm:8-4570-64" title="Example%20News%202" extension="tpg" itemType="Page" blueprintStatus="LocalItem" selected="true" exported="true" />
            <Item id="tcm:8-4571-64" title="Example%20News%203" extension="tpg" itemType="Page" blueprintStatus="LocalItem" selected="true" exported="true" />
            <Item id="tcm:8-4572-64" title="Example%20News%204" extension="tpg" itemType="Page" blueprintStatus="LocalItem" selected="true" exported="true" />
          </Item>
          <Item id="tcm:8-643-64" title="000%20Articles%20Index" extension="tpg" itemType="Page" blueprintStatus="LocalItem" selected="true" exported="true" />
          <Item id="tcm:8-4574-64" title="010%20All%20Articles" extension="tpg" itemType="Page" blueprintStatus="LocalItem" selected="true" exported="true" />
        </Item>
        <Item id="tcm:8-284-4" title="020%20Further%20Information" itemType="StructureGroup" blueprintStatus="LocalItem" selected="true" exported="true">
          <Item id="tcm:8-644-64" title="000%20Index" extension="tpg" itemType="Page" blueprintStatus="LocalItem" selected="true" exported="true" />
          <Item id="tcm:8-645-64" title="010%20FAQ" extension="tpg" itemType="Page" blueprintStatus="LocalItem" selected="true" exported="true" />
          <Item id="tcm:8-646-64" title="020%20Image%20Library" extension="tpg" itemType="Page" blueprintStatus="LocalItem" selected="true" exported="true" />
          <Item id="tcm:8-647-64" title="030%20Downloads" extension="tpg" itemType="Page" blueprintStatus="LocalItem" selected="true" exported="true" />
        </Item>
        <Item id="tcm:8-285-4" title="About" itemType="StructureGroup" blueprintStatus="LocalItem" selected="true" exported="true">
          <Item id="tcm:8-648-64" title="000%20Company%20Information" extension="tpg" itemType="Page" blueprintStatus="LocalItem" selected="true" exported="true" />
          <Item id="tcm:8-649-64" title="020%20Office%20Location" extension="tpg" itemType="Page" blueprintStatus="LocalItem" selected="true" exported="true" />
          <Item id="tcm:8-650-64" title="030%20Contact" extension="tpg" itemType="Page" blueprintStatus="LocalItem" selected="true" exported="true" />
          <Item id="tcm:8-651-64" title="040%20Terms%20of%20use" extension="tpg" itemType="Page" blueprintStatus="LocalItem" selected="true" exported="true" />
          <Item id="tcm:8-652-64" title="050%20Privacy%20Policy" extension="tpg" itemType="Page" blueprintStatus="LocalItem" selected="true" exported="true" />
        </Item>
        <Item id="58dcbe3416ea4c1f9fe0c9645c9bc080" title="_System" itemType="StructureGroup" selected="false" exported="false">
          <Item id="a7a15b0ec2bd45628110f92b6637bd9d" title="include" itemType="StructureGroup" selected="false" exported="false">
            <Item id="tcm:8-1489-64" title="Footer" extension="tpg" itemType="Page" blueprintStatus="LocalizedItem" selected="true" exported="true" />
            <Item id="tcm:8-1480-64" title="Header" extension="tpg" itemType="Page" blueprintStatus="LocalizedItem" selected="true" exported="true" />
          </Item>
        </Item>
        <Item id="tcm:8-640-64" title="000%20Home" extension="tpg" itemType="Page" blueprintStatus="LocalizedItem" selected="true" exported="true" />
        <Item id="tcm:8-4859-64" title="Sitemap" extension="tpg" itemType="Page" blueprintStatus="LocalItem" selected="true" exported="true" />
      </Item>
      <Item id="tcm:8-2680-512" title="Sitemap%20%5BNavigation%5D" itemType="Category" blueprintStatus="SharedItem" selected="true" exported="true">
        <Item id="tcm:8-10021-1024" title="000%20Home" extension="tkw" itemType="Keyword" blueprintStatus="LocalItem" selected="true" exported="true" />
        <Item id="tcm:8-10017-1024" title="010%20Articles" extension="tkw" itemType="Keyword" blueprintStatus="LocalItem" selected="true" exported="true" />
        <Item id="tcm:8-10020-1024" title="010%20News" extension="tkw" itemType="Keyword" blueprintStatus="LocalItem" selected="true" exported="true" />
        <Item id="tcm:8-10018-1024" title="020%20Further%20Information" extension="tkw" itemType="Keyword" blueprintStatus="LocalItem" selected="true" exported="true" />
        <Item id="tcm:8-10019-1024" title="About" extension="tkw" itemType="Keyword" blueprintStatus="LocalItem" selected="true" exported="true" />
      </Item>
      <Item id="tcm:8-1-131074" title="Task%20Process" extension="tpd" itemType="ProcessDefinition" blueprintStatus="SharedItem" selected="false" exported="true" />
    </Item>
    <Item id="tcm:0-13-65544" title="Bitmap%20image" extension="tmt" itemType="MultimediaType" selected="false" exported="true" />
    <Item id="tcm:0-19-65544" title="Cascading%20style%20sheets" extension="tmt" itemType="MultimediaType" selected="false" exported="true" />
    <Item id="tcm:0-21-65544" title="Configuration%20settings" extension="tmt" itemType="MultimediaType" selected="false" exported="true" />
    <Item id="bac267ce6d124a5fab9e0823b8749095" title="Developer" extension="tgp" itemType="Group" selected="false" exported="false" />
    <Item id="8a06ed9560bb48e88eed6f5f25fbeef0" title="Editor" extension="tgp" itemType="Group" selected="false" exported="false" />
    <Item id="1615c18bfc514fb1b49bfcd3648f1a4e" title="Everyone" extension="tgp" itemType="Group" selected="false" exported="false" />
    <Item id="tcm:0-5-65544" title="Excel%20sheet" extension="tmt" itemType="MultimediaType" selected="false" exported="true" />
    <Item id="tcm:0-11-65544" title="Executable" extension="tmt" itemType="MultimediaType" selected="false" exported="true" />
    <Item id="tcm:0-23-65544" title="Favicon" extension="tmt" itemType="MultimediaType" selected="false" exported="true" />
    <Item id="tcm:0-18-65544" title="Flash%20file" extension="tmt" itemType="MultimediaType" selected="false" exported="true" />
    <Item id="tcm:0-1-65544" title="Gif%20image" extension="tmt" itemType="MultimediaType" selected="false" exported="true" />
    <Item id="tcm:0-20-65544" title="Java%20script" extension="tmt" itemType="MultimediaType" selected="false" exported="true" />
    <Item id="tcm:0-2-65544" title="Jpeg%20image" extension="tmt" itemType="MultimediaType" selected="false" exported="true" />
    <Item id="tcm:0-12-65544" title="MSAccess%20database" extension="tmt" itemType="MultimediaType" selected="false" exported="true" />
    <Item id="tcm:0-16-65544" title="Mp3%20music" extension="tmt" itemType="MultimediaType" selected="false" exported="true" />
    <Item id="tcm:0-17-65544" title="Mpeg%20video" extension="tmt" itemType="MultimediaType" selected="false" exported="true" />
    <Item id="tcm:0-7-65544" title="Pdf%20document" extension="tmt" itemType="MultimediaType" selected="false" exported="true" />
    <Item id="tcm:0-9-65544" title="Plain%20text" extension="tmt" itemType="MultimediaType" selected="false" exported="true" />
    <Item id="tcm:0-3-65544" title="Png%20image" extension="tmt" itemType="MultimediaType" selected="false" exported="true" />
    <Item id="tcm:0-6-65544" title="Powerpoint%20presentation" extension="tmt" itemType="MultimediaType" selected="false" exported="true" />
    <Item id="tcm:0-15-65544" title="QuickTime%20movie" extension="tmt" itemType="MultimediaType" selected="false" exported="true" />
    <Item id="tcm:0-14-65544" title="Real%20player" extension="tmt" itemType="MultimediaType" selected="false" exported="true" />
    <Item id="tcm:0-10-65544" title="Rich%20text" extension="tmt" itemType="MultimediaType" selected="false" exported="true" />
    <Item id="93e1a50929ad4048a24111f6924f8040" title="Site%20Manager" extension="tgp" itemType="Group" selected="false" exported="false" />
    <Item id="tcm:0-8-65544" title="Sound%20file" extension="tmt" itemType="MultimediaType" selected="false" exported="true" />
    <Item id="tcm:0-4-65544" title="Word%20document" extension="tmt" itemType="MultimediaType" selected="false" exported="true" />
    <Item id="tcm:0-22-65544" title="Zip%20file" extension="tmt" itemType="MultimediaType" selected="false" exported="true" />
  </Item>
</Index>