<PackageItem xmlns:tcm="http://www.tridion.com/ContentManager/5.0" xmlns:xlink="http://www.w3.org/1999/xlink" xmlns="http://www.sdltridion.com/ContentManager/ImportExport/Package/2013">
  <Data>
    <tcm:Data>
      <tcm:Title>Cascading style sheets</tcm:Title>
      <tcm:MIMEType>text/css</tcm:MIMEType>
      <tcm:FileExtensions>
        <tcm:FileExtension>css</tcm:FileExtension>
        <tcm:FileExtension>less</tcm:FileExtension>
      </tcm:FileExtensions>
    </tcm:Data>
  </Data>
</PackageItem>