<PackageItem xmlns:tcm="http://www.tridion.com/ContentManager/5.0" xmlns:xlink="http://www.w3.org/1999/xlink" xmlns="http://www.sdltridion.com/ContentManager/ImportExport/Package/2013">
  <Data>
    <tcm:Data>
      <tcm:Title>Excel sheet</tcm:Title>
      <tcm:MIMEType>application/ms-excel</tcm:MIMEType>
      <tcm:FileExtensions>
        <tcm:FileExtension>xls</tcm:FileExtension>
        <tcm:FileExtension>xlsx</tcm:FileExtension>
      </tcm:FileExtensions>
    </tcm:Data>
  </Data>
</PackageItem>