<PackageItem xmlns:tcm="http://www.tridion.com/ContentManager/5.0" xmlns:xlink="http://www.w3.org/1999/xlink" xmlns="http://www.sdltridion.com/ContentManager/ImportExport/Package/2013">
  <Data>
    <tcm:Data>
      <tcm:Title>fonts</tcm:Title>
      <tcm:DefaultPageTemplate IsInherited="true" xlink:type="simple" xlink:title="" xlink:href="tcm:0-0-0" />
      <tcm:Directory IsMandatory="true">fonts</tcm:Directory>
      <tcm:IsActive ResolvedValue="true">true</tcm:IsActive>
      <tcm:PageProcess xlink:type="simple" xlink:title="" xlink:href="tcm:0-0-0" />
      <tcm:PageBundleProcess xlink:type="simple" xlink:title="" xlink:href="tcm:0-0-0" />
      <tcm:MetadataSchema xlink:type="simple" xlink:title="" xlink:href="tcm:0-0-0" />
      <tcm:Metadata />
    </tcm:Data>
  </Data>
  <Dependencies>
    <Dependency dependencyType="Publication" itemUrl="/webdav/110%20DXA%20Site%20Type" linkName="LocationInfo/ContextRepository" />
    <Dependency dependencyType="OrganizationalItemStructureGroup" itemUrl="/webdav/110%20DXA%20Site%20Type/Home/_System/assets" linkName="LocationInfo/OrganizationalItem" />
  </Dependencies>
</PackageItem>