<Index dataContractVersion="2013" xmlns="http://www.sdltridion.com/ContentManager/ImportExport/Package/2013">
  <Item id="tcm:0-0-0" selected="false" exported="true">
    <ApplicationIds>
      <ApplicationId>http://www.sdl.com/tridion/SemanticMapping/vocabularies</ApplicationId>
    </ApplicationIds>
    <Item id="5d24942094344ba89dcf479a593e5815" title="100%20Master" itemType="Publication" selected="false" exported="false">
      <Item id="31d76433056f48d3a49e8cdf89672bfe" title="Building%20Blocks" itemType="Folder" selected="false" exported="false">
        <Item id="tcm:2-329-2" title="Content" itemType="Folder" blueprintStatus="LocalItem" selected="true" exported="true" />
        <Item id="tcm:2-2667-2" title="Framework" itemType="Folder" blueprintStatus="LocalItem" selected="true" exported="true">
          <Item id="tcm:2-2668-2" title="Developer" itemType="Folder" blueprintStatus="LocalItem" selected="true" exported="true">
            <Item id="tcm:2-2669-2" title="Schemas" itemType="Folder" blueprintStatus="LocalItem" selected="true" exported="true">
              <Item id="tcm:2-205-8" title="Component%20Template%20Metadata" extension="xsd" itemType="Schema" subtype="3" blueprintStatus="LocalItem" selected="true" exported="true" />
              <Item id="tcm:2-41-8" title="Module%20Configuration" extension="xsd" itemType="Schema" blueprintStatus="LocalItem" selected="true" exported="true" />
              <Item id="tcm:2-42-8" title="Module%20Dependency" extension="xsd" itemType="Schema" subtype="2" blueprintStatus="LocalItem" selected="true" exported="true" />
              <Item id="tcm:2-4444-8" title="Page%20Template%20Metadata" extension="xsd" itemType="Schema" subtype="3" blueprintStatus="LocalItem" selected="true" exported="true" />
              <Item id="tcm:2-9089-8" title="Region%20Metadata" extension="xsd" itemType="Schema" subtype="2" blueprintStatus="LocalItem" selected="true" exported="true" />
              <Item id="tcm:2-4412-8" title="ZIP%20file" extension="xsd" itemType="Schema" subtype="1" blueprintStatus="LocalItem" selected="true" exported="true" />
            </Item>
            <Item id="tcm:2-2670-2" title="Templates" itemType="Folder" blueprintStatus="LocalItem" selected="true" exported="true">
              <Item id="tcm:2-2531-2" title="DD4T%2ETemplates" itemType="Folder" blueprintStatus="LocalItem" selected="true" exported="true">
                <Item id="tcm:2-9577-2048" title="Add%20Target%20Groups" extension="tbbcs" itemType="TemplateBuildingBlock" blueprintStatus="LocalItem" selected="true" exported="true" />
                <Item id="tcm:2-9584-2048" title="Add%20inherited%20metadata%20to%20component" extension="tbbcs" itemType="TemplateBuildingBlock" blueprintStatus="LocalItem" selected="true" exported="true" />
                <Item id="tcm:2-9583-8" title="Add%20inherited%20metadata%20to%20component" extension="xsd" itemType="Schema" subtype="6" blueprintStatus="LocalItem" selected="true" exported="true" />
                <Item id="tcm:2-9586-2048" title="Add%20inherited%20metadata%20to%20page" extension="tbbcs" itemType="TemplateBuildingBlock" blueprintStatus="LocalItem" selected="true" exported="true" />
                <Item id="tcm:2-9585-8" title="Add%20inherited%20metadata%20to%20page" extension="xsd" itemType="Schema" subtype="6" blueprintStatus="LocalItem" selected="true" exported="true" />
                <Item id="tcm:2-9594-2048" title="Compress%20Output" extension="tbbcs" itemType="TemplateBuildingBlock" blueprintStatus="LocalItem" selected="true" exported="true" />
                <Item id="tcm:2-9576-2048" title="DD4T%2ETemplates%2EMerged" extension="tbbasm" itemType="TemplateBuildingBlock" blueprintStatus="LocalItem" selected="true" exported="true" />
                <Item id="tcm:2-9593-2048" title="Generate%20Resources" extension="tbbcs" itemType="TemplateBuildingBlock" blueprintStatus="LocalItem" selected="true" exported="true" />
                <Item id="tcm:2-9592-8" title="Generate%20Resources" extension="xsd" itemType="Schema" subtype="6" blueprintStatus="LocalItem" selected="true" exported="true" />
                <Item id="tcm:2-9579-2048" title="Generate%20dynamic%20component%20presentation" extension="tbbcs" itemType="TemplateBuildingBlock" blueprintStatus="LocalItem" selected="true" exported="true" />
                <Item id="tcm:2-9578-8" title="Generate%20dynamic%20component%20presentation" extension="xsd" itemType="Schema" subtype="6" blueprintStatus="LocalItem" selected="true" exported="true" />
                <Item id="tcm:2-9581-2048" title="Generate%20dynamic%20component" extension="tbbcs" itemType="TemplateBuildingBlock" blueprintStatus="LocalItem" selected="true" exported="true" />
                <Item id="tcm:2-9580-8" title="Generate%20dynamic%20component" extension="xsd" itemType="Schema" subtype="6" blueprintStatus="LocalItem" selected="true" exported="true" />
                <Item id="tcm:2-9582-2048" title="Generate%20dynamic%20page" extension="tbbcs" itemType="TemplateBuildingBlock" blueprintStatus="LocalItem" selected="true" exported="true" />
                <Item id="tcm:2-9575-8" title="Generate%20dynamic%20page" extension="xsd" itemType="Schema" subtype="6" blueprintStatus="LocalItem" selected="true" exported="true" />
                <Item id="tcm:2-9587-2048" title="Preview%20page" extension="tbbcs" itemType="TemplateBuildingBlock" blueprintStatus="LocalItem" selected="true" exported="true" />
                <Item id="tcm:2-9589-2048" title="Publish%20binaries%20for%20component" extension="tbbcs" itemType="TemplateBuildingBlock" blueprintStatus="LocalItem" selected="true" exported="true" />
                <Item id="tcm:2-9588-8" title="Publish%20binaries%20for%20component" extension="xsd" itemType="Schema" subtype="6" blueprintStatus="LocalItem" selected="true" exported="true" />
                <Item id="tcm:2-9591-2048" title="Publish%20binaries%20for%20page" extension="tbbcs" itemType="TemplateBuildingBlock" blueprintStatus="LocalItem" selected="true" exported="true" />
                <Item id="tcm:2-9590-8" title="Publish%20binaries%20for%20page" extension="xsd" itemType="Schema" subtype="6" blueprintStatus="LocalItem" selected="true" exported="true" />
              </Item>
              <Item id="tcm:2-17-2" title="Sdl%2EWeb%2ETridion%2ETemplates" itemType="Folder" blueprintStatus="LocalItem" selected="true" exported="true">
                <Item id="tcm:2-104-2048" title="Default%20Component%20Template%20Finish%20Actions" extension="tbbcmp" itemType="TemplateBuildingBlock" blueprintStatus="LocalItem" selected="true" exported="true" />
                <Item id="tcm:2-107-2048" title="Default%20Page%20Template%20Finish%20Actions" extension="tbbcmp" itemType="TemplateBuildingBlock" blueprintStatus="LocalItem" selected="true" exported="true" />
                <Item id="tcm:2-9900-2048" title="Generate%20Dynamic%20Page%20%28DXA%29" extension="tbbcs" itemType="TemplateBuildingBlock" blueprintStatus="LocalItem" selected="true" exported="true" />
                <Item id="tcm:2-218-2048" title="Generate%20Sitemap" extension="tbbcs" itemType="TemplateBuildingBlock" blueprintStatus="LocalItem" selected="true" exported="true" />
                <Item id="tcm:2-1505-2048" title="Publish%20Configuration" extension="tbbcs" itemType="TemplateBuildingBlock" blueprintStatus="LocalItem" selected="true" exported="true" />
                <Item id="tcm:2-4418-2048" title="Publish%20HTML%20Design" extension="tbbcs" itemType="TemplateBuildingBlock" blueprintStatus="LocalItem" selected="true" exported="true" />
                <Item id="tcm:2-4911-8" title="Publish%20HTML%20Design" extension="xsd" itemType="Schema" subtype="6" blueprintStatus="LocalItem" selected="true" exported="true" />
                <Item id="tcm:2-1508-2048" title="Publish%20Mappings" extension="tbbcs" itemType="TemplateBuildingBlock" blueprintStatus="LocalItem" selected="true" exported="true" />
                <Item id="tcm:2-1506-2048" title="Publish%20Resources" extension="tbbcs" itemType="TemplateBuildingBlock" blueprintStatus="LocalItem" selected="true" exported="true" />
                <Item id="tcm:2-1507-2048" title="Publish%20Static%20Bootstrap" extension="tbbcs" itemType="TemplateBuildingBlock" blueprintStatus="LocalItem" selected="true" exported="true" />
                <Item id="tcm:2-105-2048" title="Render%20Component%20Content" extension="tbbcmp" itemType="TemplateBuildingBlock" blueprintStatus="LocalItem" selected="true" exported="true" />
                <Item id="tcm:2-163-2048" title="Render%20Component%20Presentations" extension="tbbcs" itemType="TemplateBuildingBlock" blueprintStatus="LocalItem" selected="true" exported="true" />
                <Item id="tcm:2-106-2048" title="Render%20Page%20Content" extension="tbbcmp" itemType="TemplateBuildingBlock" blueprintStatus="LocalItem" selected="true" exported="true" />
                <Item id="tcm:2-4861-2048" title="Resolve%20Rich%20Text" extension="tbbcs" itemType="TemplateBuildingBlock" blueprintStatus="LocalItem" selected="true" exported="true" />
                <Item id="tcm:2-4912-8" title="Resolve%20Rich%20Text" extension="xsd" itemType="Schema" subtype="6" blueprintStatus="LocalItem" selected="true" exported="true" />
                <Item id="tcm:2-152-2048" title="Sdl%2EWeb%2ETridion%2ETemplates%2Emerged" extension="tbbasm" itemType="TemplateBuildingBlock" blueprintStatus="LocalItem" selected="true" exported="true" />
              </Item>
              <Item id="tcm:2-1701-32" title="Generate%20Navigation" extension="tctcmp" itemType="ComponentTemplate" blueprintStatus="LocalItem" selected="true" exported="true" />
              <Item id="tcm:2-155-128" title="JSON" extension="tptcmp" itemType="PageTemplate" blueprintStatus="LocalItem" selected="true" exported="true" />
              <Item id="tcm:2-4419-32" title="Publish%20HTML%20Design" extension="tctcmp" itemType="ComponentTemplate" blueprintStatus="LocalItem" selected="true" exported="true" />
              <Item id="tcm:2-162-32" title="Publish%20Settings" extension="tctcmp" itemType="ComponentTemplate" blueprintStatus="LocalItem" selected="true" exported="true" />
            </Item>
          </Item>
          <Item id="tcm:2-2671-2" title="Site%20Manager" itemType="Folder" blueprintStatus="LocalItem" selected="true" exported="true">
            <Item id="tcm:2-2672-2" title="Schemas" itemType="Folder" blueprintStatus="LocalItem" selected="true" exported="true">
              <Item id="tcm:2-4453-8" title="Bootstrap%20Configuration" extension="xsd" itemType="Schema" blueprintStatus="LocalItem" selected="true" exported="true" />
              <Item id="tcm:2-4420-8" title="Favicon" extension="xsd" itemType="Schema" subtype="1" blueprintStatus="LocalItem" selected="true" exported="true" />
              <Item id="tcm:2-148-8" title="General%20Configuration" extension="xsd" itemType="Schema" blueprintStatus="LocalItem" selected="true" exported="true" />
              <Item id="tcm:2-4411-8" title="HTML%20Design%20Configuration" extension="xsd" itemType="Schema" blueprintStatus="LocalItem" selected="true" exported="true" />
              <Item id="tcm:2-4990-8" title="Module%20Design%20Configuration" extension="xsd" itemType="Schema" blueprintStatus="LocalItem" selected="true" exported="true" />
              <Item id="tcm:2-45-8" title="Name%20Value%20Pair" extension="xsd" itemType="Schema" subtype="2" blueprintStatus="LocalItem" selected="true" exported="true" />
              <Item id="tcm:2-5060-8" title="Publication%20Metadata" extension="xsd" itemType="Schema" subtype="3" blueprintStatus="LocalItem" selected="true" exported="true" />
            </Item>
          </Item>
        </Item>
        <Item id="tcm:2-5-2" title="Modules" itemType="Folder" blueprintStatus="LocalItem" selected="true" exported="true">
          <Item id="tcm:2-6-2" title="Core" itemType="Folder" blueprintStatus="LocalItem" selected="true" exported="true">
            <Item id="tcm:2-611-2" title="Admin" itemType="Folder" blueprintStatus="LocalItem" selected="true" exported="true">
              <Item id="tcm:2-5022" title="Build%20Files" extension="zip" itemType="Component" subtype="1" blueprintStatus="LocalItem" selected="true" exported="true" />
              <Item id="tcm:2-43" title="Core" extension="xml" itemType="Component" blueprintStatus="LocalItem" selected="true" exported="true" />
              <Item id="tcm:2-4457" title="HTML%20Design" extension="zip" itemType="Component" subtype="1" blueprintStatus="LocalItem" selected="true" exported="true" />
            </Item>
            <Item id="tcm:2-10-2" title="Editor" itemType="Folder" blueprintStatus="LocalItem" selected="true" exported="true">
              <Item id="tcm:2-11-2" title="Schemas" itemType="Folder" blueprintStatus="LocalItem" selected="true" exported="true">
                <Item id="tcm:2-27-2" title="Embedded" itemType="Folder" blueprintStatus="LocalItem" selected="true" exported="true">
                  <Item id="tcm:2-3275-8" title="Item%20List%20Element" extension="xsd" itemType="Schema" subtype="2" blueprintStatus="LocalItem" selected="true" exported="true" />
                  <Item id="tcm:2-115-8" title="Link" extension="xsd" itemType="Schema" subtype="2" blueprintStatus="LocalItem" selected="true" exported="true">
                    <ApplicationIds>
                      <ApplicationId>http://www.sdl.com/tridion/SemanticMapping/typeof</ApplicationId>
                    </ApplicationIds>
                  </Item>
                  <Item id="tcm:2-3282-8" title="Location%20Metadata" extension="xsd" itemType="Schema" subtype="2" blueprintStatus="LocalItem" selected="true" exported="true" />
                  <Item id="tcm:2-232-8" title="Paragraph" extension="xsd" itemType="Schema" subtype="2" blueprintStatus="LocalItem" selected="true" exported="true" />
                  <Item id="tcm:2-231-8" title="Standard%20Metadata" extension="xsd" itemType="Schema" subtype="2" blueprintStatus="LocalItem" selected="true" exported="true" />
                </Item>
                <Item id="tcm:2-1081-2" title="Metadata" itemType="Folder" blueprintStatus="LocalItem" selected="true" exported="true">
                  <Item id="tcm:2-2744-8" title="Redirect%20Page%20Metadata" extension="xsd" itemType="Schema" subtype="3" blueprintStatus="LocalItem" selected="true" exported="true" />
                </Item>
                <Item id="tcm:2-80-8" title="Article" extension="xsd" itemType="Schema" blueprintStatus="LocalItem" selected="true" exported="true">
                  <ApplicationIds>
                    <ApplicationId>http://www.sdl.com/tridion/SemanticMapping/typeof</ApplicationId>
                  </ApplicationIds>
                </Item>
                <Item id="tcm:2-3263-8" title="Content%20Query" extension="xsd" itemType="Schema" blueprintStatus="LocalItem" selected="true" exported="true" />
                <Item id="tcm:2-4465-8" title="Download" extension="xsd" itemType="Schema" subtype="1" blueprintStatus="LocalItem" selected="true" exported="true" />
                <Item id="tcm:2-79-8" title="Image" extension="xsd" itemType="Schema" subtype="1" blueprintStatus="LocalItem" selected="true" exported="true">
                  <ApplicationIds>
                    <ApplicationId>http://www.sdl.com/tridion/SemanticMapping/typeof</ApplicationId>
                  </ApplicationIds>
                </Item>
                <Item id="tcm:2-139-8" title="Item%20List" extension="xsd" itemType="Schema" blueprintStatus="LocalItem" selected="true" exported="true" />
                <Item id="tcm:2-182-8" title="Link%20List" extension="xsd" itemType="Schema" blueprintStatus="LocalItem" selected="true" exported="true" />
                <Item id="tcm:2-3273-8" title="News%20Article" extension="xsd" itemType="Schema" blueprintStatus="LocalItem" selected="true" exported="true">
                  <ApplicationIds>
                    <ApplicationId>http://www.sdl.com/tridion/SemanticMapping/typeof</ApplicationId>
                  </ApplicationIds>
                </Item>
                <Item id="tcm:2-3288-8" title="Place" extension="xsd" itemType="Schema" blueprintStatus="LocalItem" selected="true" exported="true" />
                <Item id="tcm:2-117-8" title="Teaser" extension="xsd" itemType="Schema" blueprintStatus="LocalItem" selected="true" exported="true" />
                <Item id="tcm:2-2829-8" title="YouTube%20Video" extension="xsd" itemType="Schema" subtype="1" blueprintStatus="LocalItem" selected="true" exported="true" />
              </Item>
              <Item id="tcm:2-12-2" title="Templates" itemType="Folder" blueprintStatus="LocalItem" selected="true" exported="true">
                <Item id="tcm:2-3300-32" title="Accordion%20%5B2-Column%5D" extension="tctcmp" itemType="ComponentTemplate" blueprintStatus="LocalItem" selected="true" exported="true" />
                <Item id="tcm:2-3301-32" title="Accordion%20%5B3-Column%5D" extension="tctcmp" itemType="ComponentTemplate" blueprintStatus="LocalItem" selected="true" exported="true" />
                <Item id="tcm:2-3270-32" title="Accordion" extension="tctcmp" itemType="ComponentTemplate" blueprintStatus="LocalItem" selected="true" exported="true" />
                <Item id="tcm:2-83-32" title="Article" extension="tctcmp" itemType="ComponentTemplate" blueprintStatus="LocalItem" selected="true" exported="true" />
                <Item id="tcm:2-141-32" title="Carousel%20%5BHero%5D" extension="tctcmp" itemType="ComponentTemplate" blueprintStatus="LocalItem" selected="true" exported="true" />
                <Item id="tcm:2-142-32" title="Carousel" extension="tctcmp" itemType="ComponentTemplate" blueprintStatus="LocalItem" selected="true" exported="true" />
                <Item id="tcm:2-108-128" title="Content%20Page%20Without%20Navigation" extension="tptcmp" itemType="PageTemplate" blueprintStatus="LocalItem" selected="true" exported="true" />
                <Item id="tcm:2-225-128" title="Content%20Page" extension="tptcmp" itemType="PageTemplate" blueprintStatus="LocalItem" selected="true" exported="true" />
                <Item id="tcm:2-4466-32" title="Download" extension="tctcmp" itemType="ComponentTemplate" blueprintStatus="LocalItem" selected="true" exported="true" />
                <Item id="tcm:2-131-128" title="Home%20Page" extension="tptcmp" itemType="PageTemplate" blueprintStatus="LocalItem" selected="true" exported="true" />
                <Item id="tcm:2-3266-32" title="List%20%5B2-Column%5D" extension="tctcmp" itemType="ComponentTemplate" blueprintStatus="LocalItem" selected="true" exported="true" />
                <Item id="tcm:2-3265-32" title="List%20%5B3-Column%5D" extension="tctcmp" itemType="ComponentTemplate" blueprintStatus="LocalItem" selected="true" exported="true" />
                <Item id="tcm:2-3276-32" title="Paged%20List" extension="tctcmp" itemType="ComponentTemplate" blueprintStatus="LocalItem" selected="true" exported="true" />
                <Item id="tcm:2-3290-32" title="Place" extension="tctcmp" itemType="ComponentTemplate" blueprintStatus="LocalItem" selected="true" exported="true" />
                <Item id="tcm:2-2747-128" title="Redirect%20Page" extension="tptcmp" itemType="PageTemplate" blueprintStatus="LocalItem" selected="true" exported="true" />
                <Item id="tcm:2-135-128" title="Section%20Page" extension="tptcmp" itemType="PageTemplate" blueprintStatus="LocalItem" selected="true" exported="true" />
                <Item id="tcm:2-3408-32" title="Tab" extension="tctcmp" itemType="ComponentTemplate" blueprintStatus="LocalItem" selected="true" exported="true" />
                <Item id="tcm:2-136-32" title="Teaser%20%5B2-Column%5D" extension="tctcmp" itemType="ComponentTemplate" blueprintStatus="LocalItem" selected="true" exported="true" />
                <Item id="tcm:2-130-32" title="Teaser%20%5B3-Column%5D" extension="tctcmp" itemType="ComponentTemplate" blueprintStatus="LocalItem" selected="true" exported="true" />
                <Item id="tcm:2-133-32" title="Teaser%20-%20Image%20Overlay%20%5B2-Column%5D" extension="tctcmp" itemType="ComponentTemplate" blueprintStatus="LocalItem" selected="true" exported="true" />
                <Item id="tcm:2-129-32" title="Teaser%20-%20Image%20Overlay%20%5B3-Column%5D" extension="tctcmp" itemType="ComponentTemplate" blueprintStatus="LocalItem" selected="true" exported="true" />
                <Item id="tcm:2-4836-32" title="Teaser%20Colored%20%5B2-Column%5D" extension="tctcmp" itemType="ComponentTemplate" blueprintStatus="LocalItem" selected="true" exported="true" />
                <Item id="tcm:2-235-32" title="Teaser%20Colored%20%5B3-Column%5D" extension="tctcmp" itemType="ComponentTemplate" blueprintStatus="LocalItem" selected="true" exported="true" />
                <Item id="tcm:2-234-32" title="Teaser%20Hero%20-%20Image%20Overlay%20%5BHero%5D" extension="tctcmp" itemType="ComponentTemplate" blueprintStatus="LocalItem" selected="true" exported="true" />
                <Item id="tcm:2-3291-32" title="Teaser%20Map%20%5B2-Column%5D" extension="tctcmp" itemType="ComponentTemplate" blueprintStatus="LocalItem" selected="true" exported="true" />
                <Item id="tcm:2-3292-32" title="Teaser%20Map%20%5B3-Column%5D" extension="tctcmp" itemType="ComponentTemplate" blueprintStatus="LocalItem" selected="true" exported="true" />
                <Item id="tcm:2-3279-32" title="Thumbnail%20List" extension="tctcmp" itemType="ComponentTemplate" blueprintStatus="LocalItem" selected="true" exported="true" />
                <Item id="tcm:2-3294-32" title="YouTube%20Video%20%5B2-Column%5D" extension="tctcmp" itemType="ComponentTemplate" blueprintStatus="LocalItem" selected="true" exported="true" />
                <Item id="tcm:2-3295-32" title="YouTube%20Video%20%5B3-Column%5D" extension="tctcmp" itemType="ComponentTemplate" blueprintStatus="LocalItem" selected="true" exported="true" />
                <Item id="tcm:2-3284-32" title="YouTube%20Video" extension="tctcmp" itemType="ComponentTemplate" blueprintStatus="LocalItem" selected="true" exported="true" />
              </Item>
            </Item>
            <Item id="tcm:2-37-2" title="Site%20Manager" itemType="Folder" blueprintStatus="LocalItem" selected="true" exported="true">
              <Item id="tcm:2-38-2" title="Schemas" itemType="Folder" blueprintStatus="LocalItem" selected="true" exported="true">
                <Item id="tcm:2-1298-2" title="Embedded" itemType="Folder" blueprintStatus="LocalItem" selected="true" exported="true">
                  <Item id="tcm:2-4430-8" title="Social%20Link" extension="xsd" itemType="Schema" subtype="2" blueprintStatus="LocalItem" selected="true" exported="true" />
                </Item>
                <Item id="tcm:2-4887-8" title="Language%20Selector%20Configuration" extension="xsd" itemType="Schema" blueprintStatus="LocalItem" selected="true" exported="true" />
                <Item id="tcm:2-1698-8" title="Navigation%20Configuration" extension="xsd" itemType="Schema" blueprintStatus="LocalItem" selected="true" exported="true" />
                <Item id="tcm:2-2737-8" title="Notification%20Bar" extension="xsd" itemType="Schema" blueprintStatus="LocalItem" selected="true" exported="true" />
                <Item id="tcm:2-159-8" title="Resources%20-%20Core" extension="xsd" itemType="Schema" blueprintStatus="LocalItem" selected="true" exported="true" />
                <Item id="tcm:2-1474-8" title="Resources%20-%20Custom" extension="xsd" itemType="Schema" blueprintStatus="LocalItem" selected="true" exported="true" />
                <Item id="tcm:2-4431-8" title="Social%20Links" extension="xsd" itemType="Schema" blueprintStatus="LocalItem" selected="true" exported="true" />
              </Item>
              <Item id="tcm:2-39-2" title="Templates" itemType="Folder" blueprintStatus="LocalItem" selected="true" exported="true">
                <Item id="tcm:2-4445-32" title="Breadcrumb%20%5BTools%5D" extension="tctcmp" itemType="ComponentTemplate" blueprintStatus="LocalItem" selected="true" exported="true" />
                <Item id="tcm:2-2740-32" title="Cookie%20Notification%20Bar%20%5BInfo%5D" extension="tctcmp" itemType="ComponentTemplate" blueprintStatus="LocalItem" selected="true" exported="true" />
                <Item id="tcm:2-197-32" title="Footer%20Link%20Group%20%5B4-Column%5D" extension="tctcmp" itemType="ComponentTemplate" blueprintStatus="LocalItem" selected="true" exported="true" />
                <Item id="tcm:2-196-32" title="Footer%20Links%20%5BLinks%5D" extension="tctcmp" itemType="ComponentTemplate" blueprintStatus="LocalItem" selected="true" exported="true" />
                <Item id="tcm:2-189-32" title="Header%20Links%20%5BNav%5D" extension="tctcmp" itemType="ComponentTemplate" blueprintStatus="LocalItem" selected="true" exported="true" />
                <Item id="tcm:2-188-32" title="Header%20Logo%20%5BLogo%5D" extension="tctcmp" itemType="ComponentTemplate" blueprintStatus="LocalItem" selected="true" exported="true" />
                <Item id="tcm:2-244-128" title="Include%20Page" extension="tptcmp" itemType="PageTemplate" blueprintStatus="LocalItem" selected="true" exported="true" />
                <Item id="tcm:2-4889-32" title="Language%20Selector%20%5BNav%5D" extension="tctcmp" itemType="ComponentTemplate" blueprintStatus="LocalItem" selected="true" exported="true" />
                <Item id="tcm:2-4448-32" title="Left%20Navigation%20%5BLeft%5D" extension="tctcmp" itemType="ComponentTemplate" blueprintStatus="LocalItem" selected="true" exported="true" />
                <Item id="tcm:2-2827-32" title="Old%20Browser%20Notification%20Bar%20%5BInfo%5D" extension="tctcmp" itemType="ComponentTemplate" blueprintStatus="LocalItem" selected="true" exported="true" />
                <Item id="tcm:2-4856-32" title="Sitemap" extension="tctcmp" itemType="ComponentTemplate" blueprintStatus="LocalItem" selected="true" exported="true" />
                <Item id="tcm:2-4968-32" title="Social%20Links%20%5B3-Column%5D" extension="tctcmp" itemType="ComponentTemplate" blueprintStatus="LocalItem" selected="true" exported="true" />
                <Item id="tcm:2-4435-32" title="Social%20Links%20%5B4-Column%5D" extension="tctcmp" itemType="ComponentTemplate" blueprintStatus="LocalItem" selected="true" exported="true" />
                <Item id="tcm:2-4446-32" title="Social%20Sharing%20%5BTools%5D" extension="tctcmp" itemType="ComponentTemplate" blueprintStatus="LocalItem" selected="true" exported="true" />
                <Item id="tcm:2-1696-32" title="Top%20Navigation%20%5BNav%5D" extension="tctcmp" itemType="ComponentTemplate" blueprintStatus="LocalItem" selected="true" exported="true" />
              </Item>
            </Item>
          </Item>
        </Item>
        <Item id="tcm:2-1435-2" title="Modules%20Content" itemType="Folder" blueprintStatus="LocalItem" selected="true" exported="true" />
        <Item id="tcm:2-1009-2" title="Settings" itemType="Folder" blueprintStatus="LocalItem" selected="true" exported="true">
          <Item id="tcm:2-1011-2" title="Core" itemType="Folder" blueprintStatus="LocalItem" selected="true" exported="true">
            <Item id="tcm:2-1012-2" title="Admin" itemType="Folder" blueprintStatus="LocalItem" selected="true" exported="true">
              <Item id="tcm:2-149" title="Environment%20Configuration" extension="xml" itemType="Component" blueprintStatus="LocalItem" selected="true" exported="true" />
            </Item>
            <Item id="tcm:2-1013-2" title="Site%20Manager" itemType="Folder" blueprintStatus="LocalItem" selected="true" exported="true">
              <Item id="tcm:2-4459" title="Bootstrap%20Configuration" extension="xml" itemType="Component" blueprintStatus="LocalItem" selected="true" exported="true" />
              <Item id="tcm:2-160" title="Core%20Resources" extension="xml" itemType="Component" blueprintStatus="LocalItem" selected="true" exported="true" />
              <Item id="tcm:2-1476" title="Custom%20Resources" extension="xml" itemType="Component" blueprintStatus="LocalItem" selected="true" exported="true" />
              <Item id="tcm:2-4458" title="Favicon" extension="ico" itemType="Component" subtype="1" blueprintStatus="LocalItem" selected="true" exported="true" />
              <Item id="tcm:2-4460" title="HTML%20Design%20Configuration" extension="xml" itemType="Component" blueprintStatus="LocalItem" selected="true" exported="true" />
              <Item id="tcm:2-4888" title="Language%20Selector%20Configuration" extension="xml" itemType="Component" blueprintStatus="LocalItem" selected="true" exported="true" />
              <Item id="tcm:2-4473" title="Localization%20Configuration" extension="xml" itemType="Component" blueprintStatus="LocalItem" selected="true" exported="true" />
              <Item id="tcm:2-1699" title="Navigation%20Configuration" extension="xml" itemType="Component" blueprintStatus="LocalItem" selected="true" exported="true" />
              <Item id="tcm:2-150" title="Site%20Configuration" extension="xml" itemType="Component" blueprintStatus="LocalItem" selected="true" exported="true" />
            </Item>
          </Item>
        </Item>
      </Item>
      <Item id="tcm:2-1242-512" title="Content%20Type" itemType="Category" blueprintStatus="LocalItem" selected="true" exported="true">
        <Item id="tcm:2-3262-1024" title="Article" extension="tkw" itemType="Keyword" blueprintStatus="LocalItem" selected="true" exported="true" />
        <Item id="tcm:2-3278-1024" title="News%20Article" extension="tkw" itemType="Keyword" blueprintStatus="LocalItem" selected="true" exported="true" />
      </Item>
      <Item id="a56159e792764c65ac30b4985654d9c5" title="Home" itemType="StructureGroup" selected="false" exported="false">
        <Item id="tcm:2-34-4" title="_System" itemType="StructureGroup" blueprintStatus="LocalItem" selected="true" exported="true">
          <Item id="tcm:2-35-4" title="config" itemType="StructureGroup" blueprintStatus="LocalItem" selected="true" exported="true" />
          <Item id="tcm:2-42-4" title="include" itemType="StructureGroup" blueprintStatus="LocalItem" selected="true" exported="true" />
          <Item id="tcm:2-50-4" title="mappings" itemType="StructureGroup" blueprintStatus="LocalItem" selected="true" exported="true" />
          <Item id="tcm:2-41-4" title="resources" itemType="StructureGroup" blueprintStatus="LocalItem" selected="true" exported="true" />
          <Item id="tcm:2-156-64" title="Publish%20Settings" extension="tpg" itemType="Page" blueprintStatus="LocalItem" selected="true" exported="true" />
        </Item>
        <Item id="tcm:2-1473-64" title="_Navigation" extension="tpg" itemType="Page" blueprintStatus="LocalItem" selected="true" exported="true" />
      </Item>
      <Item id="tcm:2-1340-512" title="List%20Sort%20Type" itemType="Category" blueprintStatus="LocalItem" selected="true" exported="true">
        <Item id="tcm:2-4550-1024" title="Content%20Date%20%28metadata%29" extension="tkw" itemType="Keyword" blueprintStatus="LocalItem" selected="true" exported="true" />
        <Item id="tcm:2-4548-1024" title="Item%20Title" extension="tkw" itemType="Keyword" blueprintStatus="LocalItem" selected="true" exported="true" />
        <Item id="tcm:2-4549-1024" title="Last%20Published%20Date" extension="tkw" itemType="Keyword" blueprintStatus="LocalItem" selected="true" exported="true" />
        <Item id="tcm:2-4551-1024" title="No%20Sorting" extension="tkw" itemType="Keyword" blueprintStatus="LocalItem" selected="true" exported="true" />
      </Item>
      <Item id="tcm:2-1080-512" title="Navigation%20Type" itemType="Category" blueprintStatus="LocalItem" selected="true" exported="true">
        <Item id="tcm:2-2742-1024" title="Localizable%20-%20Based%20on%20Component%20content%2Fmetadata%20field%20values" extension="tkw" itemType="Keyword" blueprintStatus="LocalItem" selected="true" exported="true" />
        <Item id="tcm:2-2741-1024" title="Simple%20-%20Based%20on%20Page%20and%20Structure%20Group%20titles" extension="tkw" itemType="Keyword" blueprintStatus="LocalItem" selected="true" exported="true" />
      </Item>
      <Item id="tcm:2-1297-512" title="Social%20Networks" itemType="Category" blueprintStatus="LocalItem" selected="true" exported="true">
        <Item id="tcm:2-4426-1024" title="Facebook" extension="tkw" itemType="Keyword" blueprintStatus="LocalItem" selected="true" exported="true" />
        <Item id="tcm:2-4433-1024" title="Google%2B" extension="tkw" itemType="Keyword" blueprintStatus="LocalItem" selected="true" exported="true" />
        <Item id="tcm:2-4427-1024" title="LinkedIn" extension="tkw" itemType="Keyword" blueprintStatus="LocalItem" selected="true" exported="true" />
        <Item id="tcm:2-4429-1024" title="Pinterest" extension="tkw" itemType="Keyword" blueprintStatus="LocalItem" selected="true" exported="true" />
        <Item id="tcm:2-4425-1024" title="Twitter" extension="tkw" itemType="Keyword" blueprintStatus="LocalItem" selected="true" exported="true" />
        <Item id="tcm:2-4428-1024" title="YouTube" extension="tkw" itemType="Keyword" blueprintStatus="LocalItem" selected="true" exported="true" />
      </Item>
    </Item>
    <Item id="tcm:0-13-65544" title="Bitmap%20image" extension="tmt" itemType="MultimediaType" selected="false" exported="true" />
    <Item id="tcm:0-19-65544" title="Cascading%20style%20sheets" extension="tmt" itemType="MultimediaType" selected="false" exported="true" />
    <Item id="tcm:0-21-65544" title="Configuration%20settings" extension="tmt" itemType="MultimediaType" selected="false" exported="true" />
    <Item id="tcm:0-5-65544" title="Excel%20sheet" extension="tmt" itemType="MultimediaType" selected="false" exported="true" />
    <Item id="tcm:0-11-65544" title="Executable" extension="tmt" itemType="MultimediaType" selected="false" exported="true" />
    <Item id="tcm:0-23-65544" title="Favicon" extension="tmt" itemType="MultimediaType" selected="false" exported="true" />
    <Item id="tcm:0-18-65544" title="Flash%20file" extension="tmt" itemType="MultimediaType" selected="false" exported="true" />
    <Item id="tcm:0-1-65544" title="Gif%20image" extension="tmt" itemType="MultimediaType" selected="false" exported="true" />
    <Item id="tcm:0-20-65544" title="Java%20script" extension="tmt" itemType="MultimediaType" selected="false" exported="true" />
    <Item id="tcm:0-2-65544" title="Jpeg%20image" extension="tmt" itemType="MultimediaType" selected="false" exported="true" />
    <Item id="tcm:0-12-65544" title="MSAccess%20database" extension="tmt" itemType="MultimediaType" selected="false" exported="true" />
    <Item id="tcm:0-16-65544" title="Mp3%20music" extension="tmt" itemType="MultimediaType" selected="false" exported="true" />
    <Item id="tcm:0-17-65544" title="Mpeg%20video" extension="tmt" itemType="MultimediaType" selected="false" exported="true" />
    <Item id="tcm:0-7-65544" title="Pdf%20document" extension="tmt" itemType="MultimediaType" selected="false" exported="true" />
    <Item id="tcm:0-9-65544" title="Plain%20text" extension="tmt" itemType="MultimediaType" selected="false" exported="true" />
    <Item id="tcm:0-3-65544" title="Png%20image" extension="tmt" itemType="MultimediaType" selected="false" exported="true" />
    <Item id="tcm:0-6-65544" title="Powerpoint%20presentation" extension="tmt" itemType="MultimediaType" selected="false" exported="true" />
    <Item id="tcm:0-15-65544" title="QuickTime%20movie" extension="tmt" itemType="MultimediaType" selected="false" exported="true" />
    <Item id="tcm:0-14-65544" title="Real%20player" extension="tmt" itemType="MultimediaType" selected="false" exported="true" />
    <Item id="tcm:0-10-65544" title="Rich%20text" extension="tmt" itemType="MultimediaType" selected="false" exported="true" />
    <Item id="tcm:0-8-65544" title="Sound%20file" extension="tmt" itemType="MultimediaType" selected="false" exported="true" />
    <Item id="tcm:0-4-65544" title="Word%20document" extension="tmt" itemType="MultimediaType" selected="false" exported="true" />
    <Item id="tcm:0-22-65544" title="Zip%20file" extension="tmt" itemType="MultimediaType" selected="false" exported="true" />
  </Item>
</Index>