<PackageItem xmlns:tcm="http://www.tridion.com/ContentManager/5.0" xmlns:xlink="http://www.w3.org/1999/xlink" xmlns="http://www.sdltridion.com/ContentManager/ImportExport/Package/2013">
  <Data>
    <tcm:Data>
      <tcm:Title>Localizable - Based on Component content/metadata field values</tcm:Title>
      <tcm:Description />
      <tcm:Key>localizable</tcm:Key>
      <tcm:IsAbstract>false</tcm:IsAbstract>
      <tcm:ParentKeywords />
      <tcm:RelatedKeywords />
      <tcm:MetadataSchema xlink:type="simple" xlink:title="" xlink:href="tcm:0-0-0" />
      <tcm:Metadata />
      <tcm:IsRoot>true</tcm:IsRoot>
    </tcm:Data>
  </Data>
  <Dependencies>
    <Dependency dependencyType="Publication" itemUrl="/webdav/100%20Master" linkName="LocationInfo/ContextRepository" />
    <Dependency dependencyType="OrganizationalItemCategory" itemUrl="/webdav/100%20Master/Navigation%20Type" linkName="LocationInfo/OrganizationalItem" />
  </Dependencies>
</PackageItem>