<PackageItem xmlns:tcm="http://www.tridion.com/ContentManager/5.0" xmlns:xlink="http://www.w3.org/1999/xlink" xmlns:xsd="http://www.w3.org/2001/XMLSchema" xmlns="http://www.sdltridion.com/ContentManager/ImportExport/Package/2013">
  <Data>
    <tcm:Data xmlns:xlink="http://www.w3.org/1999/xlink" xmlns:i="http://www.w3.org/2001/XMLSchema-instance">
      <tcm:Title>Social Link</tcm:Title>
      <tcm:Description>Social Link</tcm:Description>
      <tcm:Purpose>Embedded</tcm:Purpose>
      <tcm:NamespaceURI />
      <tcm:RootElementName>SocialLink</tcm:RootElementName>
      <tcm:IsTridionWebSchema>true</tcm:IsTridionWebSchema>
      <tcm:XSD>
        <xsd:schema xmlns:xsd="http://www.w3.org/2001/XMLSchema" xmlns:tcmi="http://www.tridion.com/ContentManager/5.0/Instance" xmlns:category="tcm:0-2-1/Categories.xsd" xmlns="" elementFormDefault="qualified">
  <xsd:import namespace="http://www.tridion.com/ContentManager/5.0/Instance" schemaLocation="/webdav/cm_xml_inst.xsd" />
  <xsd:import namespace="tcm:0-2-1/Categories.xsd" schemaLocation="/webdav/100%20Master/Categories.xsd" />
  <xsd:annotation>
    <xsd:appinfo>
      <tcm:Labels xmlns:tcm="http://www.tridion.com/ContentManager/5.0">
        <tcm:Label ElementName="tag" Metadata="false">Social Network</tcm:Label>
        <tcm:Label ElementName="externalLink" Metadata="false">externalLink</tcm:Label>
      </tcm:Labels>
    </xsd:appinfo>
  </xsd:annotation>
  <xsd:complexType name="SocialLink">
    <xsd:sequence>
      <xsd:element name="tag" minOccurs="1" maxOccurs="1" type="category:SocialNetworks">
        <xsd:annotation>
          <xsd:appinfo>
            <ExtensionXml xmlns="http://www.tridion.com/ContentManager/5.0" />
            <tcm:Size xmlns:tcm="http://www.tridion.com/ContentManager/5.0">1</tcm:Size>
            <tcm:listtype xmlns:tcm="http://www.tridion.com/ContentManager/5.0">select</tcm:listtype>
          </xsd:appinfo>
        </xsd:annotation>
      </xsd:element>
      <xsd:element name="externalLink" minOccurs="1" maxOccurs="1" type="xsd:normalizedString">
        <xsd:annotation>
          <xsd:appinfo>
            <ExtensionXml xmlns="http://www.tridion.com/ContentManager/5.0" />
          </xsd:appinfo>
        </xsd:annotation>
      </xsd:element>
    </xsd:sequence>
  </xsd:complexType>
</xsd:schema>
      </tcm:XSD>
      <tcm:AllowedMultimediaTypes />
      <tcm:ComponentProcess xlink:type="simple" xlink:title="" xlink:href="tcm:0-0-0" />
      <tcm:BundleProcess xlink:type="simple" xlink:title="" xlink:href="tcm:0-0-0" />
      <tcm:DeleteBundleOnProcessFinished>false</tcm:DeleteBundleOnProcessFinished>
    </tcm:Data>
  </Data>
  <Dependencies>
    <Dependency dependencyType="Publication" itemUrl="/webdav/100%20Master" linkName="LocationInfo/ContextRepository" />
    <Dependency dependencyType="OrganizationalItemFolder" itemUrl="/webdav/100%20Master/Building%20Blocks/Modules/Core/Site%20Manager/Schemas/Embedded" linkName="LocationInfo/OrganizationalItem" />
    <Dependency dependencyType="Category" itemUrl="/webdav/100%20Master/Social%20Networks" linkName="Xsd" />
  </Dependencies>
</PackageItem>