<PackageItem xmlns:tcm="http://www.tridion.com/ContentManager/5.0" xmlns:xlink="http://www.w3.org/1999/xlink" xmlns:xsd="http://www.w3.org/2001/XMLSchema" xmlns="http://www.sdltridion.com/ContentManager/ImportExport/Package/2013">
  <Data>
    <tcm:Data xmlns:xlink="http://www.w3.org/1999/xlink" xmlns:i="http://www.w3.org/2001/XMLSchema-instance">
      <tcm:Title>Place</tcm:Title>
      <tcm:Description>Place</tcm:Description>
      <tcm:Purpose>Component</tcm:Purpose>
      <tcm:NamespaceURI>uuid:b20afe06-9041-4648-8a9f-678d8e34c6a5</tcm:NamespaceURI>
      <tcm:RootElementName>Place</tcm:RootElementName>
      <tcm:IsTridionWebSchema>true</tcm:IsTridionWebSchema>
      <tcm:XSD>
        <xsd:schema xmlns:xsd="http://www.w3.org/2001/XMLSchema" xmlns="uuid:b20afe06-9041-4648-8a9f-678d8e34c6a5" xmlns:tcmi="http://www.tridion.com/ContentManager/5.0/Instance" elementFormDefault="qualified" targetNamespace="uuid:b20afe06-9041-4648-8a9f-678d8e34c6a5">
  <xsd:import namespace="http://www.tridion.com/ContentManager/5.0/Instance" schemaLocation="/webdav/cm_xml_inst.xsd" />
  <xsd:include schemaLocation="/webdav/100%20Master/Building%20Blocks/Modules/Core/Editor/Schemas/Embedded/Standard%20Metadata.xsd" />
  <xsd:include schemaLocation="/webdav/100%20Master/Building%20Blocks/Modules/Core/Editor/Schemas/Embedded/Location%20Metadata.xsd" />
  <xsd:annotation>
    <xsd:appinfo>
      <tcm:Labels xmlns:tcm="http://www.tridion.com/ContentManager/5.0">
        <tcm:Label ElementName="name" Metadata="false">Name</tcm:Label>
        <tcm:Label ElementName="image" Metadata="false">Image</tcm:Label>
        <tcm:Label ElementName="address" Metadata="false">Address</tcm:Label>
        <tcm:Label ElementName="telephone" Metadata="false">Telephone</tcm:Label>
        <tcm:Label ElementName="faxNumber" Metadata="false">Fax Number</tcm:Label>
        <tcm:Label ElementName="email" Metadata="false">Email</tcm:Label>
        <tcm:Label ElementName="location" Metadata="true">Location</tcm:Label>
        <tcm:Label ElementName="standardMeta" Metadata="true">Standard Metadata</tcm:Label>
      </tcm:Labels>
    </xsd:appinfo>
  </xsd:annotation>
  <xsd:element name="Place">
    <xsd:complexType>
      <xsd:sequence>
        <xsd:element name="name" minOccurs="1" maxOccurs="1" type="xsd:normalizedString">
          <xsd:annotation>
            <xsd:appinfo>
              <ExtensionXml xmlns="http://www.tridion.com/ContentManager/5.0" />
            </xsd:appinfo>
          </xsd:annotation>
        </xsd:element>
        <xsd:element name="image" minOccurs="0" maxOccurs="1" type="tcmi:SimpleLink">
          <xsd:annotation>
            <xsd:appinfo>
              <ExtensionXml xmlns="http://www.tridion.com/ContentManager/5.0" />
              <tcm:linktype xmlns:tcm="http://www.tridion.com/ContentManager/5.0">MultimediaLink</tcm:linktype>
              <tcm:AllowedTargetSchemas xmlns:tcm="http://www.tridion.com/ContentManager/5.0">
                <tcm:TargetSchema xmlns:xlink="http://www.w3.org/1999/xlink" xlink:href="/webdav/100%20Master/Building%20Blocks/Modules/Core/Editor/Schemas/Image.xsd" xlink:title="Image" />
              </tcm:AllowedTargetSchemas>
            </xsd:appinfo>
          </xsd:annotation>
        </xsd:element>
        <xsd:element name="address" minOccurs="0" maxOccurs="1" type="tcmi:XHTML">
          <xsd:annotation>
            <xsd:appinfo>
              <ExtensionXml xmlns="http://www.tridion.com/ContentManager/5.0" />
              <tcm:Size xmlns:tcm="http://www.tridion.com/ContentManager/5.0">4</tcm:Size>
              <tcm:FilterXSLT xmlns:tcm="http://www.tridion.com/ContentManager/5.0">
                <xsl:stylesheet xmlns:xsl="http://www.w3.org/1999/XSL/Transform" xmlns="" version="1.0">
            <xsl:output omit-xml-declaration="yes" method="xml" cdata-section-elements="script" />
            <xsl:template match="/ | node() | @*">
              <xsl:copy>
                <xsl:apply-templates select="node() | @*" />
              </xsl:copy>
            </xsl:template>
            <xsl:template match="*[      (self::br or self::p or self::div)     and      normalize-space(translate(., ' ', '')) = ''     and      not(@*)     and      not(processing-instruction())     and      not(comment())     and      not(*[not(self::br) or @* or * or node()])     and      not(following::node()[not(         (self::text() or self::br or self::p or self::div)        and         normalize-space(translate(., ' ', '')) = ''        and         not(@*)        and         not(processing-instruction())        and         not(comment())        and         not(*[not(self::br) or @* or * or node()])       )])     ]">
              <!-- ignore all paragraphs and line-breaks at the end that have nothing but (non-breaking) spaces and line breaks -->
            </xsl:template>
            <xsl:template match="br[parent::div and not(preceding-sibling::node()) and not(following-sibling::node())]">
              <!-- Chrome generates <div><br/></div>. Renders differently in different browsers. Replace it with a non-breaking space -->
              <xsl:text> </xsl:text>
            </xsl:template>
            <!-- remove disallowed elements but keep its children -->
            <xsl:template match="font">
              <xsl:apply-templates />
            </xsl:template>
            <!-- remove disallowed attributes -->
            <xsl:template match="@align | @valign | @border | @cellpadding | @cellspacing" />
            <!-- remove all style attributes except those for a table cell to allow center alignment -->
            <xsl:template match="*[not(local-name() = 'td')]/@style" />
            <xsl:template match="td/@style">
              <xsl:if test="contains(.,'text-align')">
                <xsl:attribute name="style">
                  <xsl:text>text-align:center;</xsl:text>
                </xsl:attribute>
              </xsl:if>
            </xsl:template>
            <!-- remove rowspan and collspan when set to 1 -->
            <xsl:template match="@colspan[.='1'] | @rowspan[.='1']" />
            <!-- remove well known Microsoft Word classes -->
            <xsl:template match="@class[.='MsoNormal'] | @class[.='MsoTableGrid']" />
            <xsl:template name="FormattingFeatures">
              <FormattingFeatures xmlns="http://www.tridion.com/ContentManager/5.2/FormatArea">
                <Doctype>Transitional</Doctype>
                <AccessibilityLevel>0</AccessibilityLevel>
                <DisallowedActions />
                <DisallowedStyles />
              </FormattingFeatures>
            </xsl:template>
          </xsl:stylesheet>
              </tcm:FilterXSLT>
            </xsd:appinfo>
          </xsd:annotation>
        </xsd:element>
        <xsd:element name="telephone" minOccurs="0" maxOccurs="1" type="xsd:normalizedString">
          <xsd:annotation>
            <xsd:appinfo>
              <ExtensionXml xmlns="http://www.tridion.com/ContentManager/5.0" />
            </xsd:appinfo>
          </xsd:annotation>
        </xsd:element>
        <xsd:element name="faxNumber" minOccurs="0" maxOccurs="1" type="xsd:normalizedString">
          <xsd:annotation>
            <xsd:appinfo>
              <ExtensionXml xmlns="http://www.tridion.com/ContentManager/5.0" />
            </xsd:appinfo>
          </xsd:annotation>
        </xsd:element>
        <xsd:element name="email" minOccurs="0" maxOccurs="1" type="xsd:normalizedString">
          <xsd:annotation>
            <xsd:appinfo>
              <ExtensionXml xmlns="http://www.tridion.com/ContentManager/5.0" />
            </xsd:appinfo>
          </xsd:annotation>
        </xsd:element>
      </xsd:sequence>
    </xsd:complexType>
  </xsd:element>
  <xsd:element name="Metadata">
    <xsd:complexType>
      <xsd:sequence>
        <xsd:element name="location" minOccurs="0" maxOccurs="1" type="LocationMeta">
          <xsd:annotation>
            <xsd:appinfo>
              <tcm:ExtensionXml xmlns:tcm="http://www.tridion.com/ContentManager/5.0" />
              <tcm:EmbeddedSchema xmlns:tcm="http://www.tridion.com/ContentManager/5.0" xmlns:xlink="http://www.w3.org/1999/xlink" xlink:href="/webdav/100%20Master/Building%20Blocks/Modules/Core/Editor/Schemas/Embedded/Location%20Metadata.xsd" xlink:title="Location Metadata" />
            </xsd:appinfo>
          </xsd:annotation>
        </xsd:element>
        <xsd:element name="standardMeta" minOccurs="0" maxOccurs="1" type="StandardMetadata">
          <xsd:annotation>
            <xsd:appinfo>
              <tcm:ExtensionXml xmlns:tcm="http://www.tridion.com/ContentManager/5.0" />
              <tcm:EmbeddedSchema xmlns:tcm="http://www.tridion.com/ContentManager/5.0" xmlns:xlink="http://www.w3.org/1999/xlink" xlink:href="/webdav/100%20Master/Building%20Blocks/Modules/Core/Editor/Schemas/Embedded/Standard%20Metadata.xsd" xlink:title="Standard Metadata" />
            </xsd:appinfo>
          </xsd:annotation>
        </xsd:element>
      </xsd:sequence>
    </xsd:complexType>
  </xsd:element>
</xsd:schema>
      </tcm:XSD>
      <tcm:AllowedMultimediaTypes />
      <tcm:ComponentProcess xlink:type="simple" xlink:title="" xlink:href="tcm:0-0-0" />
      <tcm:BundleProcess xlink:type="simple" xlink:title="" xlink:href="tcm:0-0-0" />
      <tcm:DeleteBundleOnProcessFinished>false</tcm:DeleteBundleOnProcessFinished>
    </tcm:Data>
  </Data>
  <Dependencies>
    <Dependency dependencyType="Publication" itemUrl="/webdav/100%20Master" linkName="LocationInfo/ContextRepository" />
    <Dependency dependencyType="OrganizationalItemFolder" itemUrl="/webdav/100%20Master/Building%20Blocks/Modules/Core/Editor/Schemas" linkName="LocationInfo/OrganizationalItem" />
    <Dependency dependencyType="EmbeddedSchema" itemUrl="/webdav/100%20Master/Building%20Blocks/Modules/Core/Editor/Schemas/Embedded/Standard%20Metadata.xsd" linkName="Xsd" xpath="xsd:schema[1]/xsd:include[1]/@schemaLocation" />
    <Dependency dependencyType="EmbeddedSchema" itemUrl="/webdav/100%20Master/Building%20Blocks/Modules/Core/Editor/Schemas/Embedded/Location%20Metadata.xsd" linkName="Xsd" xpath="xsd:schema[1]/xsd:include[2]/@schemaLocation" />
    <Dependency dependencyType="EmbeddedSchema" itemUrl="/webdav/100%20Master/Building%20Blocks/Modules/Core/Editor/Schemas/Embedded/Location%20Metadata.xsd" linkName="Xsd" xpath="xsd:schema[1]/xsd:element[2]/xsd:complexType[1]/xsd:sequence[1]/xsd:element[1]/xsd:annotation[1]/xsd:appinfo[1]/tcm:EmbeddedSchema[1]/@xlink:href" />
    <Dependency dependencyType="EmbeddedSchema" itemUrl="/webdav/100%20Master/Building%20Blocks/Modules/Core/Editor/Schemas/Embedded/Standard%20Metadata.xsd" linkName="Xsd" xpath="xsd:schema[1]/xsd:element[2]/xsd:complexType[1]/xsd:sequence[1]/xsd:element[2]/xsd:annotation[1]/xsd:appinfo[1]/tcm:EmbeddedSchema[1]/@xlink:href" />
    <Dependency dependencyType="SchemaAllowedSchema" itemUrl="/webdav/100%20Master/Building%20Blocks/Modules/Core/Editor/Schemas/Image.xsd" linkName="Xsd" xpath="xsd:schema[1]/xsd:element[1]/xsd:complexType[1]/xsd:sequence[1]/xsd:element[2]/xsd:annotation[1]/xsd:appinfo[1]/tcm:AllowedTargetSchemas[1]/tcm:TargetSchema[1]/@xlink:href" />
  </Dependencies>
</PackageItem>