<PackageItem xmlns:tcm="http://www.tridion.com/ContentManager/5.0" xmlns:xlink="http://www.w3.org/1999/xlink" xmlns="http://www.sdltridion.com/ContentManager/ImportExport/Package/2013">
  <BinaryFileLocation>Binaries\2-152-2048.tbbasm</BinaryFileLocation>
  <Data>
    <tcm:Data>
      <tcm:Title>Sdl.Web.Tridion.Templates.merged</tcm:Title>
      <tcm:Type>AssemblyTemplate</tcm:Type>
      <tcm:Content>
        <tcm:PublisherScript />
      </tcm:Content>
      <tcm:MetadataSchema xlink:type="simple" xlink:title="" xlink:href="tcm:0-0-0" />
      <tcm:ParameterSchema xlink:type="simple" xlink:title="" xlink:href="tcm:0-0-0" />
      <tcm:Metadata />
      <tcm:MultimediaFilename>Sdl.Web.Tridion.Templates.merged.dll</tcm:MultimediaFilename>
      <tcm:MultimediaFileSize>751104</tcm:MultimediaFileSize>
      <tcm:IsExternalMultimediaFile>false</tcm:IsExternalMultimediaFile>
    </tcm:Data>
  </Data>
  <Dependencies>
    <Dependency dependencyType="Publication" itemUrl="/webdav/100%20Master" linkName="LocationInfo/ContextRepository" />
    <Dependency dependencyType="OrganizationalItemFolder" itemUrl="/webdav/100%20Master/Building%20Blocks/Framework/Developer/Templates/Sdl%2EWeb%2ETridion%2ETemplates" linkName="LocationInfo/OrganizationalItem" />
  </Dependencies>
</PackageItem>