<Index dataContractVersion="2013" xmlns="http://www.sdltridion.com/ContentManager/ImportExport/Package/2013">
  <Item id="tcm:0-0-0" selected="false" exported="true">
    <ApplicationIds>
      <ApplicationId>http://www.sdl.com/tridion/SemanticMapping/vocabularies</ApplicationId>
    </ApplicationIds>
    <Item id="0216bae77a534386b6f8b5a06b2b9e75" title="100%20Master" itemType="Publication" selected="false" exported="false">
      <Item id="0d14ec8937da4973ba6229fd7c5b32cc" title="Building%20Blocks" itemType="Folder" selected="false" exported="false">
        <Item id="2f73e808d23d46af9fd72bc5610fd644" title="Framework" itemType="Folder" selected="false" exported="false">
          <Item id="fa4c1846cb7f4a3db4b9a4bae879c9ad" title="Developer" itemType="Folder" selected="false" exported="false">
            <Item id="199865221ee444689b09a57697f30f03" title="Schemas" itemType="Folder" selected="false" exported="false">
              <Item id="tcm:2-205-8" title="Component%20Template%20Metadata" extension="xsd" itemType="Schema" subtype="3" blueprintStatus="LocalItem" selected="false" exported="true" />
              <Item id="715674f06aba4eb8be992074b49f8239" title="Module%20Configuration" extension="xsd" itemType="Schema" selected="false" exported="false" />
            </Item>
            <Item id="f0fb0dcb98e744519502cbd009ac5330" title="Templates" itemType="Folder" selected="false" exported="false">
              <Item id="8e84782d3c9e41c7940614fd172f8fe3" title="Sdl%2EWeb%2ETridion%2ETemplates" itemType="Folder" selected="false" exported="false">
                <Item id="da4ac5a87ab14cd184552975a20fc5ed" title="Default%20Component%20Template%20Finish%20Actions" extension="tbbcmp" itemType="TemplateBuildingBlock" selected="false" exported="false" />
                <Item id="29032d23290341df90b001ce9605ef50" title="Render%20Component%20Content" extension="tbbcmp" itemType="TemplateBuildingBlock" selected="false" exported="false" />
              </Item>
            </Item>
          </Item>
        </Item>
        <Item id="71524865a68a4c299bea27a46bd39895" title="Modules" itemType="Folder" selected="false" exported="false">
          <Item id="tcm:2-1245-2" title="GoogleAnalytics" itemType="Folder" blueprintStatus="LocalItem" selected="true" exported="true">
            <Item id="tcm:2-1251-2" title="Admin" itemType="Folder" blueprintStatus="LocalItem" selected="true" exported="true">
              <Item id="tcm:2-3299" title="Google%20Analytics" extension="xml" itemType="Component" blueprintStatus="LocalItem" selected="true" exported="true" />
            </Item>
            <Item id="tcm:2-1246-2" title="Site%20Manager" itemType="Folder" blueprintStatus="LocalItem" selected="true" exported="true">
              <Item id="tcm:2-1248-2" title="Schemas" itemType="Folder" blueprintStatus="LocalItem" selected="true" exported="true">
                <Item id="tcm:2-3296-8" title="Google%20Analytics%20Configuration" extension="xsd" itemType="Schema" blueprintStatus="LocalItem" selected="true" exported="true" />
              </Item>
              <Item id="tcm:2-1247-2" title="Templates" itemType="Folder" blueprintStatus="LocalItem" selected="true" exported="true">
                <Item id="tcm:2-3297-32" title="Google%20Analytics%20%5BLinks%5D" extension="tctcmp" itemType="ComponentTemplate" blueprintStatus="LocalItem" selected="true" exported="true" />
              </Item>
            </Item>
          </Item>
        </Item>
        <Item id="78544d6fe2704472a00b6ffa56667c7a" title="Settings" itemType="Folder" selected="false" exported="false">
          <Item id="tcm:2-1249-2" title="GoogleAnalytics" itemType="Folder" blueprintStatus="LocalItem" selected="true" exported="true">
            <Item id="tcm:2-1250-2" title="Site%20Manager" itemType="Folder" blueprintStatus="LocalItem" selected="true" exported="true">
              <Item id="tcm:2-3298" title="Google%20Analytics%20Configuration" extension="xml" itemType="Component" blueprintStatus="LocalItem" selected="true" exported="true" />
            </Item>
          </Item>
        </Item>
      </Item>
    </Item>
  </Item>
</Index>