<PackageItem xmlns:tcm="http://www.tridion.com/ContentManager/5.0" xmlns:xlink="http://www.w3.org/1999/xlink" xmlns="http://www.sdltridion.com/ContentManager/ImportExport/Package/2013">
  <Data>
    <tcm:Data>
      <tcm:Title>Sitemap [Navigation]</tcm:Title>
      <tcm:XMLName>sitemap</tcm:XMLName>
      <tcm:Description>Used for Taxonomy-based Navigation purposes</tcm:Description>
      <tcm:KeywordMetadataSchema xlink:type="simple" xlink:title="" xlink:href="tcm:0-0-0" />
      <tcm:UseForNavigation>true</tcm:UseForNavigation>
      <tcm:AllowedParentCategories>
        <tcm:Category xlink:type="simple" xlink:title="Sitemap [Navigation]" xlink:href="/webdav/110%20DXA%20Site%20Type/Sitemap%20%5BNavigation%5D" />
      </tcm:AllowedParentCategories>
      <tcm:IsRoot>true</tcm:IsRoot>
      <tcm:UseForIdentification>false</tcm:UseForIdentification>
    </tcm:Data>
  </Data>
  <Dependencies>
    <Dependency dependencyType="Publication" itemUrl="/webdav/110%20DXA%20Site%20Type" linkName="LocationInfo/ContextRepository" />
    <Dependency dependencyType="OrganizationalItemPublication" itemUrl="/webdav/110%20DXA%20Site%20Type" linkName="LocationInfo/OrganizationalItem" />
    <Dependency dependencyType="AllowedParentCategory" itemUrl="/webdav/110%20DXA%20Site%20Type/Sitemap%20%5BNavigation%5D" linkName="AllowedParentCategories[0]" />
  </Dependencies>
</PackageItem>