<PackageItem xmlns:tcm="http://www.tridion.com/ContentManager/5.0" xmlns:xlink="http://www.w3.org/1999/xlink" xmlns="http://www.sdltridion.com/ContentManager/ImportExport/Package/2013">
  <Data>
    <tcm:Data>
      <tcm:Title>Heading</tcm:Title>
      <tcm:Type>Normal</tcm:Type>
      <tcm:Schema xlink:type="simple" xlink:title="Article" xlink:href="/webdav/110%20DXA%20Site%20Type/Building%20Blocks/Modules/Core/Editor/Schemas/Article.xsd" IsMandatory="false" />
      <tcm:Content>
        <Article xmlns="http://www.sdl.com/web/schemas/core">
          <headline>Heading Text</headline>
          <image xmlns:xlink="http://www.w3.org/1999/xlink" xlink:type="simple" xlink:href="/webdav/110%20DXA%20Site%20Type/Building%20Blocks/Content/_Cloneable%20Content/Large%20Image.jpg" xlink:title="Large Image" />
          <articleBody>
            <content>This Heading is nothing more than an <strong xmlns="http://www.w3.org/1999/xhtml">Article</strong> with an image and some text, to be placed as the first Component Presentation on the Page.</content>
          </articleBody>
        </Article>
      </tcm:Content>
      <tcm:Metadata>
        <Metadata xmlns="http://www.sdl.com/web/schemas/core" xmlns:xlink="http://www.w3.org/1999/xlink" />
      </tcm:Metadata>
      <tcm:IsBasedOnTridionWebSchema>true</tcm:IsBasedOnTridionWebSchema>
      <tcm:MultimediaType xlink:type="simple" xlink:title="" xlink:href="tcm:0-0-0" />
    </tcm:Data>
  </Data>
  <Dependencies>
    <Dependency dependencyType="Publication" itemUrl="/webdav/110%20DXA%20Site%20Type" linkName="LocationInfo/ContextRepository" />
    <Dependency dependencyType="OrganizationalItemFolder" itemUrl="/webdav/110%20DXA%20Site%20Type/Building%20Blocks/Content/_Cloneable%20Content" linkName="LocationInfo/OrganizationalItem" />
    <Dependency dependencyType="LinkedComponent" itemUrl="/webdav/110%20DXA%20Site%20Type/Building%20Blocks/Content/_Cloneable%20Content/Large%20Image.jpg" linkName="Content" xpath="*[local-name() = 'Article'][1]/*[local-name() = 'image'][1]/@xlink:href" />
    <Dependency dependencyType="Schema" itemUrl="/webdav/110%20DXA%20Site%20Type/Building%20Blocks/Modules/Core/Editor/Schemas/Article.xsd" linkName="Schema" />
  </Dependencies>
</PackageItem>