<PackageItem xmlns:tcm="http://www.tridion.com/ContentManager/5.0" xmlns:xlink="http://www.w3.org/1999/xlink" xmlns="http://www.sdltridion.com/ContentManager/ImportExport/Package/2013">
  <Data>
    <tcm:Data>
      <tcm:Title>Downloads Intro</tcm:Title>
      <tcm:Type>Normal</tcm:Type>
      <tcm:Schema xlink:type="simple" xlink:title="Article" xlink:href="/webdav/200%20Example%20Content/Building%20Blocks/Modules/Core/Editor/Schemas/Article.xsd" IsMandatory="false" />
      <tcm:Content>
        <Article xmlns="http://www.sdl.com/web/schemas/core">
          <headline>Download useful information</headline>
          <image xmlns:xlink="http://www.w3.org/1999/xlink" xlink:type="simple" xlink:href="/webdav/200%20Example%20Content/Building%20Blocks/Content/Images/Large/bulls-eye.JPG" xlink:title="bulls-eye" />
          <articleBody>
            <content>
              <span xmlns="http://www.w3.org/1999/xhtml">Lorem ipsum dolor sit amet, consectetur adipiscing elit. Maecenas vitae elementum mi, quis lacinia dui. Vivamus id tristique risus. Ut vitae lectus aliquet, mattis eros at, malesuada nunc. Pellentesque malesuada vehicula nibh, a lobortis tortor elementum at. Fusce varius fringilla lectus ac scelerisque. Vivamus molestie, mi vel gravida rhoncus, felis elit lacinia ante, eu auctor massa nulla eget est. Vestibulum sit amet sapien eu dolor sodales congue. Aenean luctus ligula vel luctus vulputate</span>
            </content>
          </articleBody>
        </Article>
      </tcm:Content>
      <tcm:Metadata>
        <Metadata xmlns="http://www.sdl.com/web/schemas/core">
          <standardMeta>
            <description>Praesent ultrices lacus massa, at consequat augue consectetur a. Proin nec velit enim. Maecenas sed vulputate orci, ac pretium lorem.  </description>
            <name>Downloads </name>
            <introText>Looking for the data? You can find it here... </introText>
          </standardMeta>
        </Metadata>
      </tcm:Metadata>
      <tcm:IsBasedOnTridionWebSchema>true</tcm:IsBasedOnTridionWebSchema>
      <tcm:MultimediaType xlink:type="simple" xlink:title="" xlink:href="tcm:0-0-0" />
    </tcm:Data>
  </Data>
  <Dependencies>
    <Dependency dependencyType="Publication" itemUrl="/webdav/200%20Example%20Content" linkName="LocationInfo/ContextRepository" />
    <Dependency dependencyType="OrganizationalItemFolder" itemUrl="/webdav/200%20Example%20Content/Building%20Blocks/Content/Further%20Information" linkName="LocationInfo/OrganizationalItem" />
    <Dependency dependencyType="LinkedComponent" itemUrl="/webdav/200%20Example%20Content/Building%20Blocks/Content/Images/Large/bulls-eye.JPG" linkName="Content" xpath="*[local-name() = 'Article'][1]/*[local-name() = 'image'][1]/@xlink:href" />
    <Dependency dependencyType="Schema" itemUrl="/webdav/200%20Example%20Content/Building%20Blocks/Modules/Core/Editor/Schemas/Article.xsd" linkName="Schema" />
  </Dependencies>
</PackageItem>