<Index dataContractVersion="2013" xmlns="http://www.sdltridion.com/ContentManager/ImportExport/Package/2013">
  <Item id="tcm:0-0-0" selected="false" exported="true">
    <ApplicationIds>
      <ApplicationId>http://www.sdl.com/tridion/SemanticMapping/vocabularies</ApplicationId>
    </ApplicationIds>
    <Item id="2af37ccadeef420697e2bd3d41f905d3" title="000%20Empty" itemType="Publication" selected="false" exported="false">
      <Item id="899f688d8d2e47b29011a6baef319a77" title="Building%20Blocks" itemType="Folder" selected="false" exported="false">
        <Item id="c2a58ed50bf54ebd959f7c8fd5f49cbc" title="Default%20Templates" itemType="Folder" selected="false" exported="false">
          <Item id="tcm:1-34-32" title="Default%20Component%20Template" extension="tctcmp" itemType="ComponentTemplate" blueprintStatus="LocalItem" selected="false" exported="true" />
          <Item id="fdb004013fc74c939f2d7c2b53005069" title="Default%20Dreamweaver%20Component%20Design" extension="dwt" itemType="TemplateBuildingBlock" selected="false" exported="false" />
          <Item id="tcm:1-29-2048" title="Default%20Dreamweaver%20Page%20Design" extension="dwt" itemType="TemplateBuildingBlock" blueprintStatus="LocalItem" selected="false" exported="true" />
          <Item id="294cc1d695de4512bbf95fa640c2f011" title="Default%20Finish%20Actions" extension="tbbcmp" itemType="TemplateBuildingBlock" selected="false" exported="false" />
        </Item>
        <Item id="tcm:1-8-8" title="Default%20Multimedia%20Schema" extension="xsd" itemType="Schema" subtype="1" blueprintStatus="LocalItem" selected="false" exported="true" />
      </Item>
      <Item id="tcm:1-1-131074" title="Task%20Process" extension="tpd" itemType="ProcessDefinition" blueprintStatus="LocalItem" selected="false" exported="true" />
    </Item>
    <Item id="df0cf3de87fa4ede8852d2effabe2f93" title="100%20Master" itemType="Publication" selected="false" exported="false">
      <Item id="d47ee5c0d7f14ffdb35a37429f8b037a" title="Building%20Blocks" itemType="Folder" selected="false" exported="false">
        <Item id="tcm:2-329-2" title="Content" itemType="Folder" blueprintStatus="LocalItem" selected="true" exported="true" />
        <Item id="e1c37e1c3eb440ee8b41e85e0913bbb6" title="Framework" itemType="Folder" selected="false" exported="false">
          <Item id="a0a1584e55ef472c9fa50b59952fb022" title="Developer" itemType="Folder" selected="false" exported="false">
            <Item id="feb11ff78cba43e5b52bf00f27940578" title="Schemas" itemType="Folder" selected="false" exported="false">
              <Item id="tcm:2-4444-8" title="Page%20Template%20Metadata" extension="xsd" itemType="Schema" subtype="3" blueprintStatus="LocalItem" selected="false" exported="true" />
              <Item id="7135bca446a54991bf3095bf89c8a658" title="Region%20Metadata" extension="xsd" itemType="Schema" selected="false" exported="false" />
            </Item>
            <Item id="b10e239f327941abbb9e926f4e1f9cba" title="Templates" itemType="Folder" selected="false" exported="false">
              <Item id="890f886f4f3249bfb9f2563c8aaa2d30" title="Sdl%2EWeb%2ETridion%2ETemplates" itemType="Folder" selected="false" exported="false">
                <Item id="b5ee79f421e44670865946875d6fc767" title="Default%20Page%20Template%20Finish%20Actions" extension="tbbcmp" itemType="TemplateBuildingBlock" selected="false" exported="false" />
                <Item id="348a4b86220b43839ace4716fc66d77c" title="Render%20Component%20Presentations" extension="tbbcs" itemType="TemplateBuildingBlock" selected="false" exported="false" />
                <Item id="4519dc01794e402ea0e7a8f402de3591" title="Render%20Page%20Content" extension="tbbcmp" itemType="TemplateBuildingBlock" selected="false" exported="false" />
              </Item>
              <Item id="tcm:2-155-128" title="JSON" extension="tptcmp" itemType="PageTemplate" blueprintStatus="LocalItem" selected="false" exported="true" />
              <Item id="7106ca359818416ba9c2af138925f6b5" title="Publish%20Settings" extension="tctcmp" itemType="ComponentTemplate" selected="false" exported="false" />
            </Item>
          </Item>
          <Item id="7b052f4ddf7a4542a37dfb4712b4eb87" title="Site%20Manager" itemType="Folder" selected="false" exported="false">
            <Item id="659debe7fec84d559418242e7f291375" title="Schemas" itemType="Folder" selected="false" exported="false">
              <Item id="tcm:2-5060-8" title="Publication%20Metadata" extension="xsd" itemType="Schema" subtype="3" blueprintStatus="LocalItem" selected="false" exported="true" />
            </Item>
          </Item>
        </Item>
        <Item id="26e24f58206d4f578f2dc065df85ca31" title="Modules" itemType="Folder" selected="false" exported="false">
          <Item id="788e75f7c34e49a8aae4f7e267f92d43" title="Core" itemType="Folder" selected="false" exported="false">
            <Item id="359a2a0663f54e9581af79e163c62c03" title="Admin" itemType="Folder" selected="false" exported="false">
              <Item id="389f75915f6a46a18cf509c44d581b77" title="Core" extension="xml" itemType="Component" selected="false" exported="false" />
            </Item>
            <Item id="920b4cab6d7d45919efab52e3d78d8c7" title="Editor" itemType="Folder" selected="false" exported="false">
              <Item id="cf1818ed1c30458d8a83105c753b5427" title="Schemas" itemType="Folder" selected="false" exported="false">
                <Item id="14267075ac8c41b4a4c92adf45fa2655" title="Embedded" itemType="Folder" selected="false" exported="false">
                  <Item id="4664606f65e44560ada4994eccb4d9b3" title="Link" extension="xsd" itemType="Schema" selected="false" exported="false" />
                  <Item id="b0e36476fcb04a5492434d3ebac8863d" title="Paragraph" extension="xsd" itemType="Schema" selected="false" exported="false" />
                  <Item id="3da1f70010a9437eae884b7a1f9368a2" title="Standard%20Metadata" extension="xsd" itemType="Schema" selected="false" exported="false" />
                </Item>
                <Item id="21269c92cedf466ca71928fc756fadfc" title="Metadata" itemType="Folder" selected="false" exported="false">
                  <Item id="tcm:2-2744-8" title="Redirect%20Page%20Metadata" extension="xsd" itemType="Schema" subtype="3" blueprintStatus="LocalItem" selected="false" exported="true" />
                </Item>
                <Item id="tcm:2-80-8" title="Article" extension="xsd" itemType="Schema" blueprintStatus="LocalItem" selected="false" exported="true">
                  <ApplicationIds>
                    <ApplicationId>http://www.sdl.com/tridion/SemanticMapping/typeof</ApplicationId>
                  </ApplicationIds>
                </Item>
                <Item id="tcm:2-4465-8" title="Download" extension="xsd" itemType="Schema" subtype="1" blueprintStatus="LocalItem" selected="false" exported="true" />
                <Item id="tcm:2-79-8" title="Image" extension="xsd" itemType="Schema" subtype="1" blueprintStatus="LocalItem" selected="false" exported="true">
                  <ApplicationIds>
                    <ApplicationId>http://www.sdl.com/tridion/SemanticMapping/typeof</ApplicationId>
                  </ApplicationIds>
                </Item>
                <Item id="tcm:2-3273-8" title="News%20Article" extension="xsd" itemType="Schema" blueprintStatus="LocalItem" selected="false" exported="true">
                  <ApplicationIds>
                    <ApplicationId>http://www.sdl.com/tridion/SemanticMapping/typeof</ApplicationId>
                  </ApplicationIds>
                </Item>
                <Item id="tcm:2-2829-8" title="YouTube%20Video" extension="xsd" itemType="Schema" subtype="1" blueprintStatus="LocalItem" selected="false" exported="true" />
              </Item>
              <Item id="0c586fe570524652a1acbb5b8f69a90d" title="Templates" itemType="Folder" selected="false" exported="false">
                <Item id="tcm:2-225-128" title="Content%20Page" extension="tptcmp" itemType="PageTemplate" blueprintStatus="LocalItem" selected="false" exported="true" />
              </Item>
            </Item>
            <Item id="600032719d834c0e948045dcf1c91c02" title="Site%20Manager" itemType="Folder" selected="false" exported="false">
              <Item id="dbb064b399ee4dbc9bd1e61e5d143ccc" title="Templates" itemType="Folder" selected="false" exported="false">
                <Item id="tcm:2-244-128" title="Include%20Page" extension="tptcmp" itemType="PageTemplate" blueprintStatus="LocalItem" selected="false" exported="true" />
              </Item>
            </Item>
          </Item>
        </Item>
      </Item>
      <Item id="2e3e3baa503241e5a8fa9374d6093fc0" title="Content%20Type" itemType="Category" selected="false" exported="false">
        <Item id="tcm:2-3262-1024" title="Article" extension="tkw" itemType="Keyword" blueprintStatus="LocalItem" selected="false" exported="true" />
        <Item id="tcm:2-3278-1024" title="News%20Article" extension="tkw" itemType="Keyword" blueprintStatus="LocalItem" selected="false" exported="true" />
      </Item>
      <Item id="471713b3e3e3443385bee1865d3c94f5" title="Home" itemType="StructureGroup" selected="false" exported="false">
        <Item id="tcm:2-34-4" title="_System" itemType="StructureGroup" blueprintStatus="LocalItem" selected="true" exported="true">
          <Item id="tcm:2-35-4" title="config" itemType="StructureGroup" blueprintStatus="LocalItem" selected="true" exported="true" />
          <Item id="tcm:2-42-4" title="include" itemType="StructureGroup" blueprintStatus="LocalItem" selected="true" exported="true" />
          <Item id="tcm:2-50-4" title="mappings" itemType="StructureGroup" blueprintStatus="LocalItem" selected="true" exported="true" />
          <Item id="tcm:2-41-4" title="resources" itemType="StructureGroup" blueprintStatus="LocalItem" selected="true" exported="true" />
          <Item id="tcm:2-156-64" title="Publish%20Settings" extension="tpg" itemType="Page" blueprintStatus="LocalItem" selected="true" exported="true" />
        </Item>
      </Item>
      <Item id="b834cb0077e7456985fbb32e4fce03f1" title="List%20Sort%20Type" itemType="Category" selected="false" exported="false">
        <Item id="tcm:2-4550-1024" title="Content%20Date%20%28metadata%29" extension="tkw" itemType="Keyword" blueprintStatus="LocalItem" selected="false" exported="true" />
        <Item id="tcm:2-4549-1024" title="Last%20Published%20Date" extension="tkw" itemType="Keyword" blueprintStatus="LocalItem" selected="false" exported="true" />
      </Item>
      <Item id="bdbe9774ecc24723a1597e406ac99108" title="Social%20Networks" itemType="Category" selected="false" exported="false">
        <Item id="tcm:2-4426-1024" title="Facebook" extension="tkw" itemType="Keyword" blueprintStatus="LocalItem" selected="false" exported="true" />
        <Item id="tcm:2-4433-1024" title="Google%2B" extension="tkw" itemType="Keyword" blueprintStatus="LocalItem" selected="false" exported="true" />
        <Item id="tcm:2-4427-1024" title="LinkedIn" extension="tkw" itemType="Keyword" blueprintStatus="LocalItem" selected="false" exported="true" />
        <Item id="tcm:2-4429-1024" title="Pinterest" extension="tkw" itemType="Keyword" blueprintStatus="LocalItem" selected="false" exported="true" />
        <Item id="tcm:2-4425-1024" title="Twitter" extension="tkw" itemType="Keyword" blueprintStatus="LocalItem" selected="false" exported="true" />
      </Item>
    </Item>
    <Item id="tcm:0-1067-1" title="110%20DXA%20Site%20Type" itemType="Publication" selected="true" exported="true">
      <ApplicationIds>
        <ApplicationId>SiteEdit</ApplicationId>
      </ApplicationIds>
      <Item id="eb5c5d4226764a0f978d357a5f869e95" title="Building%20Blocks" itemType="Folder" selected="false" exported="false">
        <Item id="648044766c4b48589c5b2b2f43086c83" title="Content" itemType="Folder" selected="false" exported="false">
          <Item id="tcm:1067-330-2" title="Articles" itemType="Folder" blueprintStatus="LocalItem" selected="true" exported="true">
            <Item id="tcm:1067-1345-2" title="News" itemType="Folder" blueprintStatus="LocalItem" selected="true" exported="true" />
          </Item>
          <Item id="tcm:1067-336-2" title="Images" itemType="Folder" blueprintStatus="LocalItem" selected="true" exported="true" />
          <Item id="tcm:1067-1313-2" title="Video" itemType="Folder" blueprintStatus="LocalItem" selected="true" exported="true" />
          <Item id="tcm:1067-1346-2" title="_Cloneable%20Content" itemType="Folder" blueprintStatus="LocalItem" selected="true" exported="true">
            <Item id="tcm:1067-4714" title="Another%20Large%20Image" extension="jpg" itemType="Component" subtype="1" blueprintStatus="LocalItem" selected="true" exported="true" />
            <Item id="tcm:1067-4599" title="Article" extension="xml" itemType="Component" blueprintStatus="LocalItem" selected="true" exported="true" />
            <Item id="tcm:1067-4730" title="Content%20List" extension="xml" itemType="Component" blueprintStatus="LocalItem" selected="true" exported="true" />
            <Item id="tcm:1067-4609" title="Content%20Query" extension="xml" itemType="Component" blueprintStatus="LocalItem" selected="true" exported="true" />
            <Item id="tcm:1067-4729" title="Heading" extension="xml" itemType="Component" blueprintStatus="LocalItem" selected="true" exported="true" />
            <Item id="tcm:1067-4727" title="Image%20List" extension="xml" itemType="Component" blueprintStatus="LocalItem" selected="true" exported="true" />
            <Item id="tcm:1067-4715" title="Item%20List" extension="xml" itemType="Component" blueprintStatus="LocalItem" selected="true" exported="true" />
            <Item id="tcm:1067-4597" title="Large%20Image" extension="jpg" itemType="Component" subtype="1" blueprintStatus="LocalItem" selected="true" exported="true" />
            <Item id="tcm:1067-4720" title="Medium%20Image" extension="jpg" itemType="Component" subtype="1" blueprintStatus="LocalItem" selected="true" exported="true" />
            <Item id="tcm:1067-4725" title="News%20Article" extension="xml" itemType="Component" blueprintStatus="LocalItem" selected="true" exported="true" />
            <Item id="tcm:1067-4605" title="Place" extension="xml" itemType="Component" blueprintStatus="LocalItem" selected="true" exported="true" />
            <Item id="tcm:1067-4615" title="Section" extension="xml" itemType="Component" blueprintStatus="LocalItem" selected="true" exported="true" />
            <Item id="tcm:1067-4608" title="Teaser" extension="xml" itemType="Component" blueprintStatus="LocalItem" selected="true" exported="true" />
            <Item id="tcm:1067-4598" title="YouTube%20Video" extension="jpg" itemType="Component" subtype="1" blueprintStatus="LocalItem" selected="true" exported="true" />
          </Item>
          <Item id="tcm:1067-606-2" title="_Structure" itemType="Folder" blueprintStatus="LocalItem" selected="true" exported="true">
            <Item id="tcm:1067-608-2" title="Footer" itemType="Folder" blueprintStatus="LocalItem" selected="true" exported="true">
              <Item id="tcm:1067-4440" title="Social%20Network%20Pages" extension="xml" itemType="Component" blueprintStatus="LocalItem" selected="true" exported="true" />
            </Item>
            <Item id="tcm:1067-607-2" title="Header" itemType="Folder" blueprintStatus="LocalItem" selected="true" exported="true">
              <Item id="tcm:1067-4839" title="Old%20Browser%20bar" extension="xml" itemType="Component" blueprintStatus="LocalItem" selected="true" exported="true" />
            </Item>
            <Item id="tcm:1067-4843" title="Error%20Page%20Not%20Found" extension="xml" itemType="Component" blueprintStatus="LocalItem" selected="true" exported="true" />
            <Item id="tcm:1067-4441" title="Social%20Sharing%20Links" extension="xml" itemType="Component" blueprintStatus="LocalItem" selected="true" exported="true" />
          </Item>
        </Item>
        <Item id="a2472cac59364952b594ba56788d097d" title="Default%20Templates" itemType="Folder" selected="false" exported="false">
          <Item id="tcm:1067-34-32" title="Default%20Component%20Template" extension="tctcmp" itemType="ComponentTemplate" blueprintStatus="SharedItem" selected="false" exported="true" />
          <Item id="tcm:1067-29-2048" title="Default%20Dreamweaver%20Page%20Design" extension="dwt" itemType="TemplateBuildingBlock" blueprintStatus="SharedItem" selected="false" exported="true" />
        </Item>
        <Item id="4f4e0da4b27e4a44a70957df48897756" title="Framework" itemType="Folder" selected="false" exported="false">
          <Item id="2fdb54e7c11e46d1b1b6da9f15a03982" title="Developer" itemType="Folder" selected="false" exported="false">
            <Item id="ed5ff42a711e419ab0490fd288c97136" title="Templates" itemType="Folder" selected="false" exported="false">
              <Item id="bd9c092881d548d38c1493c814bc35c4" title="Publish%20HTML%20Design" extension="tctcmp" itemType="ComponentTemplate" selected="false" exported="false" />
            </Item>
          </Item>
          <Item id="b4811d1f86af4cbd9fff0f4136170e76" title="Site%20Manager" itemType="Folder" selected="false" exported="false">
            <Item id="b7ab308b20604b758ed6df56930a19dc" title="Schemas" itemType="Folder" selected="false" exported="false">
              <Item id="tcm:1067-10015-8" title="Page%20Navigation%20Metadata" extension="xsd" itemType="Schema" subtype="3" blueprintStatus="LocalItem" selected="true" exported="true" />
            </Item>
          </Item>
        </Item>
        <Item id="d3b4e70c009a49819b758ebfe5c5fb1b" title="Modules" itemType="Folder" selected="false" exported="false">
          <Item id="b610df504eb8468b942fec15c24bc0b7" title="Core" itemType="Folder" selected="false" exported="false">
            <Item id="ad5be3d334654d3a99a5f8ce94ab5845" title="Editor" itemType="Folder" selected="false" exported="false">
              <Item id="9ecaa400a6274ad5bdef975272cbd774" title="Schemas" itemType="Folder" selected="false" exported="false">
                <Item id="d182326f114f4669b035f7dda92da218" title="Metadata" itemType="Folder" selected="false" exported="false">
                  <Item id="tcm:1067-2744-8" title="Redirect%20Page%20Metadata" extension="xsd" itemType="Schema" subtype="3" blueprintStatus="SharedItem" selected="false" exported="true" />
                </Item>
                <Item id="tcm:1067-80-8" title="Article" extension="xsd" itemType="Schema" blueprintStatus="SharedItem" selected="false" exported="true">
                  <ApplicationIds>
                    <ApplicationId>http://www.sdl.com/tridion/SemanticMapping/typeof</ApplicationId>
                  </ApplicationIds>
                </Item>
                <Item id="49a1e11d28bc4cacb3f02392f64c0e89" title="Content%20Query" extension="xsd" itemType="Schema" selected="false" exported="false" />
                <Item id="tcm:1067-79-8" title="Image" extension="xsd" itemType="Schema" subtype="1" blueprintStatus="SharedItem" selected="false" exported="true">
                  <ApplicationIds>
                    <ApplicationId>http://www.sdl.com/tridion/SemanticMapping/typeof</ApplicationId>
                  </ApplicationIds>
                </Item>
                <Item id="ed15ac3926454210afee55185320460a" title="Item%20List" extension="xsd" itemType="Schema" selected="false" exported="false" />
                <Item id="tcm:1067-3273-8" title="News%20Article" extension="xsd" itemType="Schema" blueprintStatus="SharedItem" selected="false" exported="true">
                  <ApplicationIds>
                    <ApplicationId>http://www.sdl.com/tridion/SemanticMapping/typeof</ApplicationId>
                  </ApplicationIds>
                </Item>
                <Item id="36dfc65243bb4afcb452eeb456294bfc" title="Place" extension="xsd" itemType="Schema" selected="false" exported="false" />
                <Item id="fca2e3c2bbf34beebae8aee6c6b9cc7f" title="Teaser" extension="xsd" itemType="Schema" selected="false" exported="false" />
                <Item id="tcm:1067-2829-8" title="YouTube%20Video" extension="xsd" itemType="Schema" subtype="1" blueprintStatus="SharedItem" selected="false" exported="true" />
              </Item>
              <Item id="14d15b2ea6434f02bdd8e82d974f2945" title="Templates" itemType="Folder" selected="false" exported="false">
                <Item id="fd3121f83bf941c08d45647729d613a3" title="Accordion" extension="tctcmp" itemType="ComponentTemplate" selected="false" exported="false" />
                <Item id="6bdfa95027174ba8b1dcd47bd2bbde31" title="Article" extension="tctcmp" itemType="ComponentTemplate" selected="false" exported="false" />
                <Item id="73951fc0885741299fd403ba3b4706a3" title="Carousel%20%5BHero%5D" extension="tctcmp" itemType="ComponentTemplate" selected="false" exported="false" />
                <Item id="ad36597086954c378820ab32add5d9b7" title="Content%20Page%20Without%20Navigation" extension="tptcmp" itemType="PageTemplate" selected="false" exported="false" />
                <Item id="tcm:1067-225-128" title="Content%20Page" extension="tptcmp" itemType="PageTemplate" blueprintStatus="SharedItem" selected="false" exported="true" />
                <Item id="7f85333598a343d09d34938a4ce5c7c7" title="Download" extension="tctcmp" itemType="ComponentTemplate" selected="false" exported="false" />
                <Item id="cd0f481d377340bc975c7198bbecd533" title="Home%20Page" extension="tptcmp" itemType="PageTemplate" selected="false" exported="false" />
                <Item id="007a2c1e3f24473eae6e79484049d5e9" title="List%20%5B3-Column%5D" extension="tctcmp" itemType="ComponentTemplate" selected="false" exported="false" />
                <Item id="3f2df961f30146428839f0d572028554" title="Paged%20List" extension="tctcmp" itemType="ComponentTemplate" selected="false" exported="false" />
                <Item id="5dc1796063e540ec8ab8a8afc4113320" title="Place" extension="tctcmp" itemType="ComponentTemplate" selected="false" exported="false" />
                <Item id="1970023387c04de49af1fc7db43cf247" title="Redirect%20Page" extension="tptcmp" itemType="PageTemplate" selected="false" exported="false" />
                <Item id="8f6b9b173a6c44b788c5240939723701" title="Section%20Page" extension="tptcmp" itemType="PageTemplate" selected="false" exported="false" />
                <Item id="83f01ea8ebe34a88aac772d1999be818" title="Tab" extension="tctcmp" itemType="ComponentTemplate" selected="false" exported="false" />
                <Item id="673335bb1537440298de2fd6bf453a2e" title="Teaser%20%5B2-Column%5D" extension="tctcmp" itemType="ComponentTemplate" selected="false" exported="false" />
                <Item id="5807752ae63740f1a34aa6d0fdc60243" title="Teaser%20%5B3-Column%5D" extension="tctcmp" itemType="ComponentTemplate" selected="false" exported="false" />
                <Item id="f6cadbb6244a43f2a8be8b5371dd6ec1" title="Teaser%20Map%20%5B2-Column%5D" extension="tctcmp" itemType="ComponentTemplate" selected="false" exported="false" />
                <Item id="29230863975b410e85ecde89170bd62c" title="Teaser%20Map%20%5B3-Column%5D" extension="tctcmp" itemType="ComponentTemplate" selected="false" exported="false" />
                <Item id="bb44232c677f41dcbeaff698cddb66cf" title="Thumbnail%20List" extension="tctcmp" itemType="ComponentTemplate" selected="false" exported="false" />
                <Item id="f8e5a79d78074ff5bd726985116e463d" title="YouTube%20Video" extension="tctcmp" itemType="ComponentTemplate" selected="false" exported="false" />
              </Item>
            </Item>
            <Item id="40330fc7d7184755b2a74476e981e210" title="Site%20Manager" itemType="Folder" selected="false" exported="false">
              <Item id="a6a07a67e8374310aafce4e0c9b0ed1c" title="Schemas" itemType="Folder" selected="false" exported="false">
                <Item id="33002ef626b2457bbe8d3505c466aca1" title="Notification%20Bar" extension="xsd" itemType="Schema" selected="false" exported="false" />
                <Item id="ecc3c82d5a7145cc97ad0745fcf1ed7e" title="Social%20Links" extension="xsd" itemType="Schema" selected="false" exported="false" />
              </Item>
              <Item id="74d5b190df7549b18e9b69b24ec5851b" title="Templates" itemType="Folder" selected="false" exported="false">
                <Item id="86ea518900fa42aeb585cc82ef826373" title="Breadcrumb%20%5BTools%5D" extension="tctcmp" itemType="ComponentTemplate" selected="false" exported="false" />
                <Item id="b5dae5f59e6b432a95dbe7315a7b09c0" title="Language%20Selector%20%5BNav%5D" extension="tctcmp" itemType="ComponentTemplate" selected="false" exported="false" />
                <Item id="b4a3f3c81a3042a38bde449d4c31f3b7" title="Left%20Navigation%20%5BLeft%5D" extension="tctcmp" itemType="ComponentTemplate" selected="false" exported="false" />
                <Item id="af1b6d5e531d4c43b58c187945a81614" title="Old%20Browser%20Notification%20Bar%20%5BInfo%5D" extension="tctcmp" itemType="ComponentTemplate" selected="false" exported="false" />
                <Item id="0bbb122207f242d58229511a1f56d0d9" title="Social%20Links%20%5B4-Column%5D" extension="tctcmp" itemType="ComponentTemplate" selected="false" exported="false" />
                <Item id="4b0df6b787d24f8ba97db58736b6ae9b" title="Social%20Sharing%20%5BTools%5D" extension="tctcmp" itemType="ComponentTemplate" selected="false" exported="false" />
                <Item id="4f87fdf90bc843aab4f01c52cdb21cfb" title="Top%20Navigation%20%5BNav%5D" extension="tctcmp" itemType="ComponentTemplate" selected="false" exported="false" />
              </Item>
            </Item>
          </Item>
        </Item>
        <Item id="4b1096c4995141faa8d49ab0f877a9d6" title="Settings" itemType="Folder" selected="false" exported="false">
          <Item id="8325dc4adb694f4098191ea43cd1ccbb" title="Core" itemType="Folder" selected="false" exported="false">
            <Item id="701bf57d3b5c4b8b80179c2f320775cd" title="Site%20Manager" itemType="Folder" selected="false" exported="false">
              <Item id="4cf3da8f4636474b8b19644e11db937a" title="HTML%20Design%20Configuration" extension="xml" itemType="Component" selected="false" exported="false" />
              <Item id="3480a0dba5cb4bf197394b13e64c011e" title="Language%20Selector%20Configuration" extension="xml" itemType="Component" selected="false" exported="false" />
              <Item id="ca8d366caa344c8eaf21bb8cc00ca0d9" title="Navigation%20Configuration" extension="xml" itemType="Component" selected="false" exported="false" />
            </Item>
          </Item>
        </Item>
        <Item id="tcm:1067-8-8" title="Default%20Multimedia%20Schema" extension="xsd" itemType="Schema" subtype="1" blueprintStatus="SharedItem" selected="false" exported="true" />
      </Item>
      <Item id="79a5573df46d4a4e8a7b00bf2ea30882" title="Content%20Type" itemType="Category" selected="false" exported="false">
        <Item id="tcm:1067-3262-1024" title="Article" extension="tkw" itemType="Keyword" blueprintStatus="SharedItem" selected="false" exported="true" />
      </Item>
      <Item id="68cda10e91da431aafd171930ee32633" title="Home" itemType="StructureGroup" selected="false" exported="false">
        <Item id="tcm:1067-605-4" title="_Page%20Types" itemType="StructureGroup" blueprintStatus="LocalItem" selected="true" exported="true">
          <Item id="tcm:1067-4592-64" title="Accordion%20Page" extension="tpg" itemType="Page" blueprintStatus="LocalItem" selected="true" exported="true">
            <ApplicationIds>
              <ApplicationId>SiteEdit</ApplicationId>
            </ApplicationIds>
          </Item>
          <Item id="tcm:1067-4588-64" title="Article%20Page" extension="tpg" itemType="Page" blueprintStatus="LocalItem" selected="true" exported="true">
            <ApplicationIds>
              <ApplicationId>SiteEdit</ApplicationId>
            </ApplicationIds>
          </Item>
          <Item id="tcm:1067-4594-64" title="Dynamic%20List" extension="tpg" itemType="Page" blueprintStatus="LocalItem" selected="true" exported="true">
            <ApplicationIds>
              <ApplicationId>SiteEdit</ApplicationId>
            </ApplicationIds>
          </Item>
          <Item id="tcm:1067-4591-64" title="Gallery%20Page" extension="tpg" itemType="Page" blueprintStatus="LocalItem" selected="true" exported="true">
            <ApplicationIds>
              <ApplicationId>SiteEdit</ApplicationId>
            </ApplicationIds>
          </Item>
          <Item id="tcm:1067-4590-64" title="Location%20Page" extension="tpg" itemType="Page" blueprintStatus="LocalItem" selected="true" exported="true">
            <ApplicationIds>
              <ApplicationId>SiteEdit</ApplicationId>
            </ApplicationIds>
          </Item>
          <Item id="tcm:1067-4589-64" title="News%20Article%20Page" extension="tpg" itemType="Page" blueprintStatus="LocalItem" selected="true" exported="true">
            <ApplicationIds>
              <ApplicationId>SiteEdit</ApplicationId>
            </ApplicationIds>
          </Item>
          <Item id="tcm:1067-4595-64" title="Redirect%20Page" extension="tpg" itemType="Page" blueprintStatus="LocalItem" selected="true" exported="true">
            <ApplicationIds>
              <ApplicationId>SiteEdit</ApplicationId>
            </ApplicationIds>
          </Item>
          <Item id="tcm:1067-4587-64" title="Section%20Page%20with%20Carousel" extension="tpg" itemType="Page" blueprintStatus="LocalItem" selected="true" exported="true">
            <ApplicationIds>
              <ApplicationId>SiteEdit</ApplicationId>
            </ApplicationIds>
          </Item>
          <Item id="tcm:1067-4586-64" title="Section%20Page" extension="tpg" itemType="Page" blueprintStatus="LocalItem" selected="true" exported="true">
            <ApplicationIds>
              <ApplicationId>SiteEdit</ApplicationId>
            </ApplicationIds>
          </Item>
          <Item id="tcm:1067-4593-64" title="Tabbed%20Content%20Page" extension="tpg" itemType="Page" blueprintStatus="LocalItem" selected="true" exported="true">
            <ApplicationIds>
              <ApplicationId>SiteEdit</ApplicationId>
            </ApplicationIds>
          </Item>
        </Item>
        <Item id="tcm:1067-34-4" title="_System" itemType="StructureGroup" blueprintStatus="SharedItem" selected="true" exported="true">
          <Item id="tcm:1067-1307-4" title="assets" itemType="StructureGroup" blueprintStatus="LocalItem" selected="true" exported="true">
            <Item id="tcm:1067-1308-4" title="css" itemType="StructureGroup" blueprintStatus="LocalItem" selected="true" exported="true" />
            <Item id="tcm:1067-1309-4" title="fonts" itemType="StructureGroup" blueprintStatus="LocalItem" selected="true" exported="true" />
            <Item id="tcm:1067-1311-4" title="images" itemType="StructureGroup" blueprintStatus="LocalItem" selected="true" exported="true" />
            <Item id="tcm:1067-1310-4" title="scripts" itemType="StructureGroup" blueprintStatus="LocalItem" selected="true" exported="true" />
          </Item>
          <Item id="tcm:1067-35-4" title="config" itemType="StructureGroup" blueprintStatus="SharedItem" selected="true" exported="true" />
          <Item id="tcm:1067-42-4" title="include" itemType="StructureGroup" blueprintStatus="SharedItem" selected="true" exported="true">
            <Item id="tcm:1067-4447-64" title="Content%20Tools" extension="tpg" itemType="Page" blueprintStatus="LocalItem" selected="true" exported="true" />
            <Item id="tcm:1067-1489-64" title="Footer" extension="tpg" itemType="Page" blueprintStatus="LocalItem" selected="true" exported="true" />
            <Item id="tcm:1067-1480-64" title="Header" extension="tpg" itemType="Page" blueprintStatus="LocalItem" selected="true" exported="true" />
            <Item id="tcm:1067-4449-64" title="Left%20Navigation" extension="tpg" itemType="Page" blueprintStatus="LocalItem" selected="true" exported="true" />
          </Item>
          <Item id="tcm:1067-50-4" title="mappings" itemType="StructureGroup" blueprintStatus="SharedItem" selected="true" exported="true" />
          <Item id="tcm:1067-41-4" title="resources" itemType="StructureGroup" blueprintStatus="SharedItem" selected="true" exported="true" />
          <Item id="tcm:1067-4455-64" title="Publish%20HTML%20Design" extension="tpg" itemType="Page" blueprintStatus="LocalItem" selected="true" exported="true" />
          <Item id="tcm:1067-156-64" title="Publish%20Settings" extension="tpg" itemType="Page" blueprintStatus="SharedItem" selected="true" exported="true" />
        </Item>
        <Item id="tcm:1067-640-64" title="000%20Home" extension="tpg" itemType="Page" blueprintStatus="LocalItem" selected="true" exported="true" />
        <Item id="tcm:1067-4844-64" title="_Error%20Page%20Not%20Found" extension="tpg" itemType="Page" blueprintStatus="LocalItem" selected="true" exported="true" />
      </Item>
      <Item id="fed580013bcc4132ac0ff89876877cb1" title="List%20Sort%20Type" itemType="Category" selected="false" exported="false">
        <Item id="tcm:1067-4549-1024" title="Last%20Published%20Date" extension="tkw" itemType="Keyword" blueprintStatus="SharedItem" selected="false" exported="true" />
      </Item>
      <Item id="tcm:1067-2680-512" title="Sitemap%20%5BNavigation%5D" itemType="Category" blueprintStatus="LocalItem" selected="true" exported="true" />
      <Item id="52cf19963cf746e5bbea02a4899f6b3b" title="Social%20Networks" itemType="Category" selected="false" exported="false">
        <Item id="tcm:1067-4426-1024" title="Facebook" extension="tkw" itemType="Keyword" blueprintStatus="SharedItem" selected="false" exported="true" />
        <Item id="tcm:1067-4433-1024" title="Google%2B" extension="tkw" itemType="Keyword" blueprintStatus="SharedItem" selected="false" exported="true" />
        <Item id="tcm:1067-4427-1024" title="LinkedIn" extension="tkw" itemType="Keyword" blueprintStatus="SharedItem" selected="false" exported="true" />
        <Item id="tcm:1067-4429-1024" title="Pinterest" extension="tkw" itemType="Keyword" blueprintStatus="SharedItem" selected="false" exported="true" />
        <Item id="tcm:1067-4425-1024" title="Twitter" extension="tkw" itemType="Keyword" blueprintStatus="SharedItem" selected="false" exported="true" />
      </Item>
      <Item id="tcm:1067-1-131074" title="Task%20Process" extension="tpd" itemType="ProcessDefinition" blueprintStatus="SharedItem" selected="false" exported="true" />
    </Item>
    <Item id="tcm:0-1068-1" title="200%20Example%20Content" itemType="Publication" selected="true" exported="true">
      <Item id="67788caff1b54fd89fbfff1efea8d133" title="Building%20Blocks" itemType="Folder" selected="false" exported="false">
        <Item id="39fd5b992fc34d55b744452765a29745" title="Content" itemType="Folder" selected="false" exported="false">
          <Item id="tcm:1068-604-2" title="About" itemType="Folder" blueprintStatus="LocalItem" selected="true" exported="true">
            <Item id="tcm:1068-1458" title="Company%20Information" extension="xml" itemType="Component" blueprintStatus="LocalItem" selected="true" exported="true" />
            <Item id="tcm:1068-4478" title="Contact%20Tab%20Content" extension="xml" itemType="Component" blueprintStatus="LocalItem" selected="true" exported="true" />
            <Item id="tcm:1068-4479" title="Head%20Office%20Location" extension="xml" itemType="Component" blueprintStatus="LocalItem" selected="true" exported="true" />
            <Item id="tcm:1068-1461" title="Privacy%20Policy" extension="xml" itemType="Component" blueprintStatus="LocalItem" selected="true" exported="true" />
            <Item id="tcm:1068-1460" title="Terms%20of%20Use" extension="xml" itemType="Component" blueprintStatus="LocalItem" selected="true" exported="true" />
          </Item>
          <Item id="9516791320cd423ebfb1d0033db12812" title="Articles" itemType="Folder" selected="false" exported="false">
            <Item id="96d7146ae0204acdbf4a112b1b46384e" title="News" itemType="Folder" selected="false" exported="false">
              <Item id="tcm:1068-4565" title="Example%20News%201" extension="xml" itemType="Component" blueprintStatus="LocalItem" selected="true" exported="true" />
              <Item id="tcm:1068-4566" title="Example%20News%202" extension="xml" itemType="Component" blueprintStatus="LocalItem" selected="true" exported="true" />
              <Item id="tcm:1068-4567" title="Example%20News%203" extension="xml" itemType="Component" blueprintStatus="LocalItem" selected="true" exported="true" />
              <Item id="tcm:1068-4568" title="Example%20News%204" extension="xml" itemType="Component" blueprintStatus="LocalItem" selected="true" exported="true" />
            </Item>
            <Item id="tcm:1068-3286" title="All%20Articles%20Index" extension="xml" itemType="Component" blueprintStatus="LocalItem" selected="true" exported="true" />
            <Item id="tcm:1068-4575" title="All%20Articles%20Intro" extension="xml" itemType="Component" blueprintStatus="LocalItem" selected="true" exported="true" />
            <Item id="tcm:1068-1468" title="Articles%20Intro" extension="xml" itemType="Component" blueprintStatus="LocalItem" selected="true" exported="true" />
            <Item id="tcm:1068-3287" title="Latest%20News" extension="xml" itemType="Component" blueprintStatus="LocalItem" selected="true" exported="true" />
            <Item id="tcm:1068-4573" title="News%20Articles%20Index" extension="xml" itemType="Component" blueprintStatus="LocalItem" selected="true" exported="true" />
            <Item id="tcm:1068-1467" title="News%20Intro" extension="xml" itemType="Component" blueprintStatus="LocalItem" selected="true" exported="true" />
          </Item>
          <Item id="tcm:1068-332-2" title="Downloads" itemType="Folder" blueprintStatus="LocalItem" selected="true" exported="true">
            <Item id="tcm:1068-4476" title="Company%20Report%202013" extension="pdf" itemType="Component" subtype="1" blueprintStatus="LocalItem" selected="true" exported="true" />
            <Item id="tcm:1068-4475" title="Company%20Report%202014" extension="pdf" itemType="Component" subtype="1" blueprintStatus="LocalItem" selected="true" exported="true" />
          </Item>
          <Item id="tcm:1068-335-2" title="Further%20Information" itemType="Folder" blueprintStatus="LocalItem" selected="true" exported="true">
            <Item id="tcm:1068-1464" title="Downloads%20Intro" extension="xml" itemType="Component" blueprintStatus="LocalItem" selected="true" exported="true" />
            <Item id="tcm:1068-4477" title="FAQ%20Content" extension="xml" itemType="Component" blueprintStatus="LocalItem" selected="true" exported="true" />
            <Item id="tcm:1068-1462" title="FAQ%20Intro" extension="xml" itemType="Component" blueprintStatus="LocalItem" selected="true" exported="true" />
            <Item id="tcm:1068-1465" title="Further%20Information%20Intro" extension="xml" itemType="Component" blueprintStatus="LocalItem" selected="true" exported="true" />
            <Item id="tcm:1068-1463" title="Image%20Library%20Intro" extension="xml" itemType="Component" blueprintStatus="LocalItem" selected="true" exported="true" />
            <Item id="tcm:1068-3285" title="Image%20Library" extension="xml" itemType="Component" blueprintStatus="LocalItem" selected="true" exported="true" />
          </Item>
          <Item id="tcm:1068-334-2" title="Homepage" itemType="Folder" blueprintStatus="LocalItem" selected="true" exported="true">
            <Item id="tcm:1068-1472" title="Homepage%20List" extension="xml" itemType="Component" blueprintStatus="LocalItem" selected="true" exported="true" />
            <Item id="tcm:1068-4975" title="Homepage%20Welcome" extension="xml" itemType="Component" blueprintStatus="LocalItem" selected="true" exported="true" />
          </Item>
          <Item id="61692858b6f0499faf6b20cb17eaa1c0" title="Images" itemType="Folder" selected="false" exported="false">
            <Item id="tcm:1068-337-2" title="Large" itemType="Folder" blueprintStatus="LocalItem" selected="true" exported="true">
              <Item id="tcm:1068-755" title="ballon-burner" extension="jpg" itemType="Component" subtype="1" blueprintStatus="LocalItem" selected="true" exported="true" />
              <Item id="tcm:1068-756" title="balloons" extension="jpg" itemType="Component" subtype="1" blueprintStatus="LocalItem" selected="true" exported="true" />
              <Item id="tcm:1068-757" title="blueprint" extension="jpg" itemType="Component" subtype="1" blueprintStatus="LocalItem" selected="true" exported="true" />
              <Item id="tcm:1068-758" title="bridge" extension="jpg" itemType="Component" subtype="1" blueprintStatus="LocalItem" selected="true" exported="true" />
              <Item id="tcm:1068-759" title="bulls-eye" extension="JPG" itemType="Component" subtype="1" blueprintStatus="LocalItem" selected="true" exported="true" />
              <Item id="tcm:1068-760" title="calculator" extension="jpg" itemType="Component" subtype="1" blueprintStatus="LocalItem" selected="true" exported="true" />
              <Item id="tcm:1068-761" title="map" extension="jpg" itemType="Component" subtype="1" blueprintStatus="LocalItem" selected="true" exported="true" />
              <Item id="tcm:1068-762" title="planes" extension="jpg" itemType="Component" subtype="1" blueprintStatus="LocalItem" selected="true" exported="true" />
              <Item id="tcm:1068-763" title="skyline" extension="jpg" itemType="Component" subtype="1" blueprintStatus="LocalItem" selected="true" exported="true" />
              <Item id="tcm:1068-764" title="skyscrapers" extension="jpg" itemType="Component" subtype="1" blueprintStatus="LocalItem" selected="true" exported="true" />
              <Item id="tcm:1068-765" title="wall" extension="jpg" itemType="Component" subtype="1" blueprintStatus="LocalItem" selected="true" exported="true" />
              <Item id="tcm:1068-766" title="wine-cellar" extension="jpg" itemType="Component" subtype="1" blueprintStatus="LocalItem" selected="true" exported="true" />
            </Item>
          </Item>
          <Item id="86e9c48d18a94833a842c863785f7316" title="Video" itemType="Folder" selected="false" exported="false">
            <Item id="tcm:1068-4480" title="Company%20News%20Media%20Manager%20Video" extension="png" itemType="Component" subtype="1" blueprintStatus="LocalItem" selected="true" exported="true" />
          </Item>
          <Item id="bbc4c8e992454c02ab2d08c7c5d1a672" title="_Structure" itemType="Folder" selected="false" exported="false">
            <Item id="6343348f5f2443248fbd0cf8a1f35895" title="Header" itemType="Folder" selected="false" exported="false">
              <Item id="tcm:1068-1482" title="Company%20Logo%20540%20px" extension="png" itemType="Component" subtype="1" blueprintStatus="LocalItem" selected="true" exported="true" />
            </Item>
          </Item>
        </Item>
        <Item id="b892dcaa7570473bb2610589fd2681a5" title="Default%20Templates" itemType="Folder" selected="false" exported="false">
          <Item id="tcm:1068-34-32" title="Default%20Component%20Template" extension="tctcmp" itemType="ComponentTemplate" blueprintStatus="SharedItem" selected="false" exported="true" />
          <Item id="tcm:1068-29-2048" title="Default%20Dreamweaver%20Page%20Design" extension="dwt" itemType="TemplateBuildingBlock" blueprintStatus="SharedItem" selected="false" exported="true" />
        </Item>
        <Item id="1c286c8dca444d958b9b8bedc763a0f9" title="Modules" itemType="Folder" selected="false" exported="false">
          <Item id="a5e72d6d6b1d4df4831fc84595c0c809" title="Core" itemType="Folder" selected="false" exported="false">
            <Item id="66bcabcd283545718a049fb30bdb3697" title="Editor" itemType="Folder" selected="false" exported="false">
              <Item id="1b330f5cca2041929ba0a7ff50eeefb9" title="Schemas" itemType="Folder" selected="false" exported="false">
                <Item id="50b5302008214ffc864b557945235cd9" title="Article" extension="xsd" itemType="Schema" selected="false" exported="false" />
                <Item id="1451d34ce65d430cb3e1eef811f05f54" title="Content%20Query" extension="xsd" itemType="Schema" selected="false" exported="false" />
                <Item id="tcm:1068-4465-8" title="Download" extension="xsd" itemType="Schema" subtype="1" blueprintStatus="SharedItem" selected="false" exported="true" />
                <Item id="tcm:1068-79-8" title="Image" extension="xsd" itemType="Schema" subtype="1" blueprintStatus="SharedItem" selected="false" exported="true">
                  <ApplicationIds>
                    <ApplicationId>http://www.sdl.com/tridion/SemanticMapping/typeof</ApplicationId>
                  </ApplicationIds>
                </Item>
                <Item id="29666c0918c94b29b8b81721180e6a2e" title="Item%20List" extension="xsd" itemType="Schema" selected="false" exported="false" />
                <Item id="92589920b22045469d238420d8501c48" title="News%20Article" extension="xsd" itemType="Schema" selected="false" exported="false" />
                <Item id="fcfa9be922bc46b6b2da53ba21c9ac93" title="Place" extension="xsd" itemType="Schema" selected="false" exported="false" />
                <Item id="3dbaa4a7fd4e423dbcf47f5c748f78cb" title="YouTube%20Video" extension="xsd" itemType="Schema" selected="false" exported="false" />
              </Item>
              <Item id="2489dec5943a432b98c8b2ecda7efc59" title="Templates" itemType="Folder" selected="false" exported="false">
                <Item id="tcm:1068-225-128" title="Content%20Page" extension="tptcmp" itemType="PageTemplate" blueprintStatus="SharedItem" selected="false" exported="true" />
              </Item>
            </Item>
          </Item>
        </Item>
        <Item id="tcm:1068-8-8" title="Default%20Multimedia%20Schema" extension="xsd" itemType="Schema" subtype="1" blueprintStatus="SharedItem" selected="false" exported="true" />
      </Item>
      <Item id="35ae7d48c55a4537be3dadba0a8227ea" title="Content%20Type" itemType="Category" selected="false" exported="false">
        <Item id="tcm:1068-3262-1024" title="Article" extension="tkw" itemType="Keyword" blueprintStatus="SharedItem" selected="false" exported="true" />
        <Item id="tcm:1068-3278-1024" title="News%20Article" extension="tkw" itemType="Keyword" blueprintStatus="SharedItem" selected="false" exported="true" />
      </Item>
      <Item id="ed8ed2144f614bd6a1a28c04823a765f" title="List%20Sort%20Type" itemType="Category" selected="false" exported="false">
        <Item id="tcm:1068-4550-1024" title="Content%20Date%20%28metadata%29" extension="tkw" itemType="Keyword" blueprintStatus="SharedItem" selected="false" exported="true" />
        <Item id="tcm:1068-4549-1024" title="Last%20Published%20Date" extension="tkw" itemType="Keyword" blueprintStatus="SharedItem" selected="false" exported="true" />
      </Item>
      <Item id="tcm:1068-1-131074" title="Task%20Process" extension="tpd" itemType="ProcessDefinition" blueprintStatus="SharedItem" selected="false" exported="true" />
    </Item>
    <Item id="tcm:0-8-1" title="400%20Example%20Site" itemType="Publication" selected="true" exported="true">
      <ApplicationIds>
        <ApplicationId>SiteEdit</ApplicationId>
      </ApplicationIds>
      <Item id="2ef69e61a9504f8aa7072897a942c8fd" title="Building%20Blocks" itemType="Folder" selected="false" exported="false">
        <Item id="tcm:8-329-2" title="Content" itemType="Folder" blueprintStatus="SharedItem" selected="true" exported="true">
          <Item id="tcm:8-604-2" title="About" itemType="Folder" blueprintStatus="SharedItem" selected="true" exported="true">
            <Item id="tcm:8-1458" title="Company%20Information" extension="xml" itemType="Component" blueprintStatus="SharedItem" selected="true" exported="true" />
            <Item id="tcm:8-4478" title="Contact%20Tab%20Content" extension="xml" itemType="Component" blueprintStatus="SharedItem" selected="true" exported="true" />
            <Item id="tcm:8-4479" title="Head%20Office%20Location" extension="xml" itemType="Component" blueprintStatus="SharedItem" selected="true" exported="true" />
            <Item id="tcm:8-1461" title="Privacy%20Policy" extension="xml" itemType="Component" blueprintStatus="SharedItem" selected="true" exported="true" />
            <Item id="tcm:8-1460" title="Terms%20of%20Use" extension="xml" itemType="Component" blueprintStatus="SharedItem" selected="true" exported="true" />
          </Item>
          <Item id="tcm:8-330-2" title="Articles" itemType="Folder" blueprintStatus="SharedItem" selected="true" exported="true">
            <Item id="tcm:8-1345-2" title="News" itemType="Folder" blueprintStatus="SharedItem" selected="true" exported="true">
              <Item id="tcm:8-4565" title="Example%20News%201" extension="xml" itemType="Component" blueprintStatus="SharedItem" selected="true" exported="true" />
              <Item id="tcm:8-4566" title="Example%20News%202" extension="xml" itemType="Component" blueprintStatus="SharedItem" selected="true" exported="true" />
              <Item id="tcm:8-4567" title="Example%20News%203" extension="xml" itemType="Component" blueprintStatus="SharedItem" selected="true" exported="true" />
              <Item id="tcm:8-4568" title="Example%20News%204" extension="xml" itemType="Component" blueprintStatus="SharedItem" selected="true" exported="true" />
            </Item>
            <Item id="tcm:8-3286" title="All%20Articles%20Index" extension="xml" itemType="Component" blueprintStatus="SharedItem" selected="true" exported="true" />
            <Item id="tcm:8-4575" title="All%20Articles%20Intro" extension="xml" itemType="Component" blueprintStatus="SharedItem" selected="true" exported="true" />
            <Item id="tcm:8-1468" title="Articles%20Intro" extension="xml" itemType="Component" blueprintStatus="SharedItem" selected="true" exported="true" />
            <Item id="tcm:8-3287" title="Latest%20News" extension="xml" itemType="Component" blueprintStatus="SharedItem" selected="true" exported="true" />
            <Item id="tcm:8-4573" title="News%20Articles%20Index" extension="xml" itemType="Component" blueprintStatus="SharedItem" selected="true" exported="true" />
            <Item id="tcm:8-1467" title="News%20Intro" extension="xml" itemType="Component" blueprintStatus="SharedItem" selected="true" exported="true" />
          </Item>
          <Item id="tcm:8-332-2" title="Downloads" itemType="Folder" blueprintStatus="SharedItem" selected="true" exported="true">
            <Item id="tcm:8-4476" title="Company%20Report%202013" extension="pdf" itemType="Component" subtype="1" blueprintStatus="SharedItem" selected="true" exported="true" />
            <Item id="tcm:8-4475" title="Company%20Report%202014" extension="pdf" itemType="Component" subtype="1" blueprintStatus="SharedItem" selected="true" exported="true" />
          </Item>
          <Item id="tcm:8-335-2" title="Further%20Information" itemType="Folder" blueprintStatus="SharedItem" selected="true" exported="true">
            <Item id="tcm:8-1464" title="Downloads%20Intro" extension="xml" itemType="Component" blueprintStatus="SharedItem" selected="true" exported="true" />
            <Item id="tcm:8-4477" title="FAQ%20Content" extension="xml" itemType="Component" blueprintStatus="SharedItem" selected="true" exported="true" />
            <Item id="tcm:8-1462" title="FAQ%20Intro" extension="xml" itemType="Component" blueprintStatus="SharedItem" selected="true" exported="true" />
            <Item id="tcm:8-1465" title="Further%20Information%20Intro" extension="xml" itemType="Component" blueprintStatus="SharedItem" selected="true" exported="true" />
            <Item id="tcm:8-1463" title="Image%20Library%20Intro" extension="xml" itemType="Component" blueprintStatus="SharedItem" selected="true" exported="true" />
            <Item id="tcm:8-3285" title="Image%20Library" extension="xml" itemType="Component" blueprintStatus="SharedItem" selected="true" exported="true" />
          </Item>
          <Item id="tcm:8-334-2" title="Homepage" itemType="Folder" blueprintStatus="SharedItem" selected="true" exported="true">
            <Item id="tcm:8-1472" title="Homepage%20List" extension="xml" itemType="Component" blueprintStatus="SharedItem" selected="true" exported="true" />
            <Item id="tcm:8-4975" title="Homepage%20Welcome" extension="xml" itemType="Component" blueprintStatus="SharedItem" selected="true" exported="true" />
          </Item>
          <Item id="tcm:8-336-2" title="Images" itemType="Folder" blueprintStatus="SharedItem" selected="true" exported="true">
            <Item id="tcm:8-337-2" title="Large" itemType="Folder" blueprintStatus="SharedItem" selected="true" exported="true">
              <Item id="tcm:8-755" title="ballon-burner" extension="jpg" itemType="Component" subtype="1" blueprintStatus="SharedItem" selected="true" exported="true" />
              <Item id="tcm:8-756" title="balloons" extension="jpg" itemType="Component" subtype="1" blueprintStatus="SharedItem" selected="true" exported="true" />
              <Item id="tcm:8-757" title="blueprint" extension="jpg" itemType="Component" subtype="1" blueprintStatus="SharedItem" selected="true" exported="true" />
              <Item id="tcm:8-758" title="bridge" extension="jpg" itemType="Component" subtype="1" blueprintStatus="SharedItem" selected="true" exported="true" />
              <Item id="tcm:8-759" title="bulls-eye" extension="JPG" itemType="Component" subtype="1" blueprintStatus="SharedItem" selected="true" exported="true" />
              <Item id="tcm:8-760" title="calculator" extension="jpg" itemType="Component" subtype="1" blueprintStatus="SharedItem" selected="true" exported="true" />
              <Item id="tcm:8-761" title="map" extension="jpg" itemType="Component" subtype="1" blueprintStatus="SharedItem" selected="true" exported="true" />
              <Item id="tcm:8-762" title="planes" extension="jpg" itemType="Component" subtype="1" blueprintStatus="SharedItem" selected="true" exported="true" />
              <Item id="tcm:8-763" title="skyline" extension="jpg" itemType="Component" subtype="1" blueprintStatus="SharedItem" selected="true" exported="true" />
              <Item id="tcm:8-764" title="skyscrapers" extension="jpg" itemType="Component" subtype="1" blueprintStatus="SharedItem" selected="true" exported="true" />
              <Item id="tcm:8-765" title="wall" extension="jpg" itemType="Component" subtype="1" blueprintStatus="SharedItem" selected="true" exported="true" />
              <Item id="tcm:8-766" title="wine-cellar" extension="jpg" itemType="Component" subtype="1" blueprintStatus="SharedItem" selected="true" exported="true" />
            </Item>
          </Item>
          <Item id="tcm:8-1313-2" title="Video" itemType="Folder" blueprintStatus="SharedItem" selected="true" exported="true">
            <Item id="tcm:8-4480" title="Company%20News%20Media%20Manager%20Video" extension="png" itemType="Component" subtype="1" blueprintStatus="SharedItem" selected="true" exported="true" />
          </Item>
          <Item id="tcm:8-1346-2" title="_Cloneable%20Content" itemType="Folder" blueprintStatus="SharedItem" selected="true" exported="true">
            <Item id="tcm:8-4714" title="Another%20Large%20Image" extension="jpg" itemType="Component" subtype="1" blueprintStatus="SharedItem" selected="true" exported="true" />
            <Item id="tcm:8-4599" title="Article" extension="xml" itemType="Component" blueprintStatus="SharedItem" selected="true" exported="true" />
            <Item id="tcm:8-4730" title="Content%20List" extension="xml" itemType="Component" blueprintStatus="SharedItem" selected="true" exported="true" />
            <Item id="tcm:8-4609" title="Content%20Query" extension="xml" itemType="Component" blueprintStatus="SharedItem" selected="true" exported="true" />
            <Item id="tcm:8-4729" title="Heading" extension="xml" itemType="Component" blueprintStatus="SharedItem" selected="true" exported="true" />
            <Item id="tcm:8-4727" title="Image%20List" extension="xml" itemType="Component" blueprintStatus="SharedItem" selected="true" exported="true" />
            <Item id="tcm:8-4715" title="Item%20List" extension="xml" itemType="Component" blueprintStatus="SharedItem" selected="true" exported="true" />
            <Item id="tcm:8-4597" title="Large%20Image" extension="jpg" itemType="Component" subtype="1" blueprintStatus="SharedItem" selected="true" exported="true" />
            <Item id="tcm:8-4720" title="Medium%20Image" extension="jpg" itemType="Component" subtype="1" blueprintStatus="SharedItem" selected="true" exported="true" />
            <Item id="tcm:8-4725" title="News%20Article" extension="xml" itemType="Component" blueprintStatus="SharedItem" selected="true" exported="true" />
            <Item id="tcm:8-4605" title="Place" extension="xml" itemType="Component" blueprintStatus="SharedItem" selected="true" exported="true" />
            <Item id="tcm:8-4615" title="Section" extension="xml" itemType="Component" blueprintStatus="SharedItem" selected="true" exported="true" />
            <Item id="tcm:8-4608" title="Teaser" extension="xml" itemType="Component" blueprintStatus="SharedItem" selected="true" exported="true" />
            <Item id="tcm:8-4598" title="YouTube%20Video" extension="jpg" itemType="Component" subtype="1" blueprintStatus="SharedItem" selected="true" exported="true" />
          </Item>
          <Item id="tcm:8-606-2" title="_Structure" itemType="Folder" blueprintStatus="SharedItem" selected="true" exported="true">
            <Item id="tcm:8-608-2" title="Footer" itemType="Folder" blueprintStatus="SharedItem" selected="true" exported="true">
              <Item id="tcm:8-1486" title="Footer%20Link%20Group%20-%20Products" extension="xml" itemType="Component" blueprintStatus="LocalItem" selected="true" exported="true" />
              <Item id="tcm:8-1485" title="Footer%20Link%20Group%20-%20Site%20Sections" extension="xml" itemType="Component" blueprintStatus="LocalItem" selected="true" exported="true" />
              <Item id="tcm:8-1487" title="Footer%20Link%20Group%20-%20Useful%20Links" extension="xml" itemType="Component" blueprintStatus="LocalItem" selected="true" exported="true" />
              <Item id="tcm:8-1484" title="Footer" extension="xml" itemType="Component" blueprintStatus="LocalItem" selected="true" exported="true" />
              <Item id="tcm:8-4440" title="Social%20Network%20Pages" extension="xml" itemType="Component" blueprintStatus="SharedItem" selected="true" exported="true" />
            </Item>
            <Item id="tcm:8-607-2" title="Header" itemType="Folder" blueprintStatus="SharedItem" selected="true" exported="true">
              <Item id="tcm:8-1482" title="Company%20Logo%20540%20px" extension="png" itemType="Component" subtype="1" blueprintStatus="SharedItem" selected="true" exported="true" />
              <Item id="tcm:8-4838" title="Cookie%20bar" extension="xml" itemType="Component" blueprintStatus="LocalItem" selected="true" exported="true" />
              <Item id="tcm:8-1483" title="Header%20Links" extension="xml" itemType="Component" blueprintStatus="LocalItem" selected="true" exported="true" />
              <Item id="tcm:8-1488" title="Header" extension="xml" itemType="Component" blueprintStatus="LocalItem" selected="true" exported="true" />
              <Item id="tcm:8-4839" title="Old%20Browser%20bar" extension="xml" itemType="Component" blueprintStatus="SharedItem" selected="true" exported="true" />
            </Item>
            <Item id="tcm:8-4843" title="Error%20Page%20Not%20Found" extension="xml" itemType="Component" blueprintStatus="SharedItem" selected="true" exported="true" />
            <Item id="tcm:8-4441" title="Social%20Sharing%20Links" extension="xml" itemType="Component" blueprintStatus="SharedItem" selected="true" exported="true" />
          </Item>
          <Item id="tcm:8-4858" title="Sitemap" extension="xml" itemType="Component" blueprintStatus="LocalItem" selected="true" exported="true" />
        </Item>
        <Item id="a41198d62bdf4b3d850f0664404c35af" title="Default%20Templates" itemType="Folder" selected="false" exported="false">
          <Item id="tcm:8-34-32" title="Default%20Component%20Template" extension="tctcmp" itemType="ComponentTemplate" blueprintStatus="SharedItem" selected="false" exported="true" />
          <Item id="tcm:8-29-2048" title="Default%20Dreamweaver%20Page%20Design" extension="dwt" itemType="TemplateBuildingBlock" blueprintStatus="SharedItem" selected="false" exported="true" />
        </Item>
        <Item id="078d87a203124394a0069cefae5f0b0b" title="Framework" itemType="Folder" selected="false" exported="false">
          <Item id="e00dbcce417041d7af43d739af1cfe0c" title="Site%20Manager" itemType="Folder" selected="false" exported="false">
            <Item id="3915e2588fd54f0686225f551e7673d5" title="Schemas" itemType="Folder" selected="false" exported="false">
              <Item id="tcm:8-10015-8" title="Page%20Navigation%20Metadata" extension="xsd" itemType="Schema" subtype="3" blueprintStatus="SharedItem" selected="true" exported="true" />
              <Item id="tcm:8-5060-8" title="Publication%20Metadata" extension="xsd" itemType="Schema" subtype="3" blueprintStatus="SharedItem" selected="false" exported="true" />
            </Item>
          </Item>
        </Item>
        <Item id="431a25dc3b4544caa23e6997fcb6f503" title="Modules" itemType="Folder" selected="false" exported="false">
          <Item id="b0a98524a5954fdfac164176e2b7e92d" title="Core" itemType="Folder" selected="false" exported="false">
            <Item id="688dfb53442b409ebe02e066d4a16ad6" title="Editor" itemType="Folder" selected="false" exported="false">
              <Item id="270ed9a713ed419daf919242c20abe28" title="Schemas" itemType="Folder" selected="false" exported="false">
                <Item id="574d7cd18c6f4d00a0e2e773a2f2e15b" title="Article" extension="xsd" itemType="Schema" selected="false" exported="false" />
                <Item id="4cc89e8e1db14ea0a28161309c6bdebb" title="Link%20List" extension="xsd" itemType="Schema" selected="false" exported="false" />
                <Item id="bbb6adccd0724eb99549c02e30e57f4f" title="Teaser" extension="xsd" itemType="Schema" selected="false" exported="false" />
              </Item>
              <Item id="d7889e75a48248d78830f9c7474923e6" title="Templates" itemType="Folder" selected="false" exported="false">
                <Item id="be8445dc69ac4f699f25b96a4058a45c" title="Accordion" extension="tctcmp" itemType="ComponentTemplate" selected="false" exported="false" />
                <Item id="05f0b9b92bd841d1a7ba1373c9bcf4a6" title="Article" extension="tctcmp" itemType="ComponentTemplate" selected="false" exported="false" />
                <Item id="225c4cc5f5f547738158b5c68186425b" title="Carousel%20%5BHero%5D" extension="tctcmp" itemType="ComponentTemplate" selected="false" exported="false" />
                <Item id="0a6747abb0d04473a506c6914d6e6643" title="Content%20Page%20Without%20Navigation" extension="tptcmp" itemType="PageTemplate" selected="false" exported="false" />
                <Item id="tcm:8-225-128" title="Content%20Page" extension="tptcmp" itemType="PageTemplate" blueprintStatus="SharedItem" selected="false" exported="true" />
                <Item id="ca1e1435e62f45e18be04c4257771a99" title="Download" extension="tctcmp" itemType="ComponentTemplate" selected="false" exported="false" />
                <Item id="42490f7bbea94b098d046c67a5351b1e" title="Home%20Page" extension="tptcmp" itemType="PageTemplate" selected="false" exported="false" />
                <Item id="cd97990ab45e45f9b6d36d6b03eb1f35" title="List%20%5B3-Column%5D" extension="tctcmp" itemType="ComponentTemplate" selected="false" exported="false" />
                <Item id="61a1e9d4117141e39347de693cc47c88" title="Paged%20List" extension="tctcmp" itemType="ComponentTemplate" selected="false" exported="false" />
                <Item id="96908f3ef8c942beb2a9e4027aaf8a52" title="Place" extension="tctcmp" itemType="ComponentTemplate" selected="false" exported="false" />
                <Item id="ea9d92be0efe4bac94601558a3c11a45" title="Section%20Page" extension="tptcmp" itemType="PageTemplate" selected="false" exported="false" />
                <Item id="30f5474508a547d4a7656550b3fbdabf" title="Tab" extension="tctcmp" itemType="ComponentTemplate" selected="false" exported="false" />
                <Item id="caf1fc796a58438f94fd3e8fdecfee16" title="Teaser%20-%20Image%20Overlay%20%5B3-Column%5D" extension="tctcmp" itemType="ComponentTemplate" selected="false" exported="false" />
                <Item id="a4129d5cb9ca42838fc4224008ac504a" title="Teaser%20Map%20%5B3-Column%5D" extension="tctcmp" itemType="ComponentTemplate" selected="false" exported="false" />
                <Item id="56844dff29a04633aee3fd7c20e8c608" title="Thumbnail%20List" extension="tctcmp" itemType="ComponentTemplate" selected="false" exported="false" />
                <Item id="b00afd2063744bfbb6e4726b7c875ce5" title="YouTube%20Video%20%5B3-Column%5D" extension="tctcmp" itemType="ComponentTemplate" selected="false" exported="false" />
              </Item>
            </Item>
            <Item id="578e9eeb46034a9cb6e74454ba43e79c" title="Site%20Manager" itemType="Folder" selected="false" exported="false">
              <Item id="25a32e47e7dd458394062998cac231f6" title="Schemas" itemType="Folder" selected="false" exported="false">
                <Item id="2c46d799fd3a4cb4b86848423eb1582f" title="Notification%20Bar" extension="xsd" itemType="Schema" selected="false" exported="false" />
              </Item>
              <Item id="c9fc09a68dc14b9eb8f3dbbb0c0e9975" title="Templates" itemType="Folder" selected="false" exported="false">
                <Item id="b46f0804af4046a68eb43b443d141130" title="Cookie%20Notification%20Bar%20%5BInfo%5D" extension="tctcmp" itemType="ComponentTemplate" selected="false" exported="false" />
                <Item id="74802073218146099a76bea77992de82" title="Footer%20Link%20Group%20%5B4-Column%5D" extension="tctcmp" itemType="ComponentTemplate" selected="false" exported="false" />
                <Item id="05de01c0828c4b2fbf4a9e3bcbd4d13b" title="Footer%20Links%20%5BLinks%5D" extension="tctcmp" itemType="ComponentTemplate" selected="false" exported="false" />
                <Item id="5a15555a8fd94a2186c4ef12637cfe1e" title="Header%20Links%20%5BNav%5D" extension="tctcmp" itemType="ComponentTemplate" selected="false" exported="false" />
                <Item id="2d0cb42b7c4041739ebb016608407d8e" title="Header%20Logo%20%5BLogo%5D" extension="tctcmp" itemType="ComponentTemplate" selected="false" exported="false" />
                <Item id="3594d2ea310345749ec8fd2aabc98a66" title="Language%20Selector%20%5BNav%5D" extension="tctcmp" itemType="ComponentTemplate" selected="false" exported="false" />
                <Item id="ea5848fe32b24afa92fd998163837074" title="Old%20Browser%20Notification%20Bar%20%5BInfo%5D" extension="tctcmp" itemType="ComponentTemplate" selected="false" exported="false" />
                <Item id="ed019a5635324032bb64efd239e47fd3" title="Sitemap" extension="tctcmp" itemType="ComponentTemplate" selected="false" exported="false" />
                <Item id="3bb840835be6470a8ce88cabf1968188" title="Social%20Links%20%5B4-Column%5D" extension="tctcmp" itemType="ComponentTemplate" selected="false" exported="false" />
                <Item id="77803970f4e94ad6ab4a2afc1f6c45e4" title="Top%20Navigation%20%5BNav%5D" extension="tctcmp" itemType="ComponentTemplate" selected="false" exported="false" />
              </Item>
            </Item>
          </Item>
        </Item>
        <Item id="5aec7e846ad44cb9a727a646d850601d" title="Settings" itemType="Folder" selected="false" exported="false">
          <Item id="e9523b99a2664a12ab7f7a2eac0864e9" title="Core" itemType="Folder" selected="false" exported="false">
            <Item id="51eacdee697546f5b03e8b3f28976523" title="Site%20Manager" itemType="Folder" selected="false" exported="false">
              <Item id="94ef5f6d4cd247788f75239bd92c17e6" title="Language%20Selector%20Configuration" extension="xml" itemType="Component" selected="false" exported="false" />
              <Item id="a694657938c94164ab7ed468deb04356" title="Navigation%20Configuration" extension="xml" itemType="Component" selected="false" exported="false" />
            </Item>
          </Item>
        </Item>
        <Item id="tcm:8-8-8" title="Default%20Multimedia%20Schema" extension="xsd" itemType="Schema" subtype="1" blueprintStatus="SharedItem" selected="false" exported="true" />
      </Item>
      <Item id="e3eff4b31eb74bc892dd9f6b09c53d30" title="Home" itemType="StructureGroup" selected="false" exported="false">
        <Item id="tcm:8-282-4" title="010%20Articles" itemType="StructureGroup" blueprintStatus="LocalItem" selected="true" exported="true">
          <Item id="tcm:8-286-4" title="010%20News" itemType="StructureGroup" blueprintStatus="LocalItem" selected="true" exported="true">
            <Item id="tcm:8-642-64" title="000%20News%20Index" extension="tpg" itemType="Page" blueprintStatus="LocalItem" selected="true" exported="true" />
            <Item id="tcm:8-4569-64" title="Example%20News%201" extension="tpg" itemType="Page" blueprintStatus="LocalItem" selected="true" exported="true" />
            <Item id="tcm:8-4570-64" title="Example%20News%202" extension="tpg" itemType="Page" blueprintStatus="LocalItem" selected="true" exported="true" />
            <Item id="tcm:8-4571-64" title="Example%20News%203" extension="tpg" itemType="Page" blueprintStatus="LocalItem" selected="true" exported="true" />
            <Item id="tcm:8-4572-64" title="Example%20News%204" extension="tpg" itemType="Page" blueprintStatus="LocalItem" selected="true" exported="true" />
          </Item>
          <Item id="tcm:8-643-64" title="000%20Articles%20Index" extension="tpg" itemType="Page" blueprintStatus="LocalItem" selected="true" exported="true" />
          <Item id="tcm:8-4574-64" title="010%20All%20Articles" extension="tpg" itemType="Page" blueprintStatus="LocalItem" selected="true" exported="true" />
        </Item>
        <Item id="tcm:8-284-4" title="020%20Further%20Information" itemType="StructureGroup" blueprintStatus="LocalItem" selected="true" exported="true">
          <Item id="tcm:8-644-64" title="000%20Index" extension="tpg" itemType="Page" blueprintStatus="LocalItem" selected="true" exported="true" />
          <Item id="tcm:8-645-64" title="010%20FAQ" extension="tpg" itemType="Page" blueprintStatus="LocalItem" selected="true" exported="true" />
          <Item id="tcm:8-646-64" title="020%20Image%20Library" extension="tpg" itemType="Page" blueprintStatus="LocalItem" selected="true" exported="true" />
          <Item id="tcm:8-647-64" title="030%20Downloads" extension="tpg" itemType="Page" blueprintStatus="LocalItem" selected="true" exported="true" />
        </Item>
        <Item id="tcm:8-285-4" title="About" itemType="StructureGroup" blueprintStatus="LocalItem" selected="true" exported="true">
          <Item id="tcm:8-648-64" title="000%20Company%20Information" extension="tpg" itemType="Page" blueprintStatus="LocalItem" selected="true" exported="true" />
          <Item id="tcm:8-649-64" title="020%20Office%20Location" extension="tpg" itemType="Page" blueprintStatus="LocalItem" selected="true" exported="true" />
          <Item id="tcm:8-650-64" title="030%20Contact" extension="tpg" itemType="Page" blueprintStatus="LocalItem" selected="true" exported="true" />
          <Item id="tcm:8-651-64" title="040%20Terms%20of%20use" extension="tpg" itemType="Page" blueprintStatus="LocalItem" selected="true" exported="true" />
          <Item id="tcm:8-652-64" title="050%20Privacy%20Policy" extension="tpg" itemType="Page" blueprintStatus="LocalItem" selected="true" exported="true" />
        </Item>
        <Item id="976b8c2dcbd74658b18afa7e972c70bd" title="_System" itemType="StructureGroup" selected="false" exported="false">
          <Item id="de0b5b806606422fa37216bd943c2c98" title="include" itemType="StructureGroup" selected="false" exported="false">
            <Item id="tcm:8-1489-64" title="Footer" extension="tpg" itemType="Page" blueprintStatus="LocalizedItem" selected="true" exported="true" />
            <Item id="tcm:8-1480-64" title="Header" extension="tpg" itemType="Page" blueprintStatus="LocalizedItem" selected="true" exported="true" />
          </Item>
        </Item>
        <Item id="tcm:8-640-64" title="000%20Home" extension="tpg" itemType="Page" blueprintStatus="LocalizedItem" selected="true" exported="true" />
        <Item id="tcm:8-4859-64" title="Sitemap" extension="tpg" itemType="Page" blueprintStatus="LocalItem" selected="true" exported="true" />
      </Item>
      <Item id="tcm:8-2680-512" title="Sitemap%20%5BNavigation%5D" itemType="Category" blueprintStatus="SharedItem" selected="true" exported="true">
        <Item id="tcm:8-10021-1024" title="000%20Home" extension="tkw" itemType="Keyword" blueprintStatus="LocalItem" selected="true" exported="true" />
        <Item id="tcm:8-10017-1024" title="010%20Articles" extension="tkw" itemType="Keyword" blueprintStatus="LocalItem" selected="true" exported="true" />
        <Item id="tcm:8-10020-1024" title="010%20News" extension="tkw" itemType="Keyword" blueprintStatus="LocalItem" selected="true" exported="true" />
        <Item id="tcm:8-10018-1024" title="020%20Further%20Information" extension="tkw" itemType="Keyword" blueprintStatus="LocalItem" selected="true" exported="true" />
        <Item id="tcm:8-10019-1024" title="About" extension="tkw" itemType="Keyword" blueprintStatus="LocalItem" selected="true" exported="true" />
      </Item>
      <Item id="tcm:8-1-131074" title="Task%20Process" extension="tpd" itemType="ProcessDefinition" blueprintStatus="SharedItem" selected="false" exported="true" />
    </Item>
    <Item id="tcm:0-13-65544" title="Bitmap%20image" extension="tmt" itemType="MultimediaType" selected="false" exported="true" />
    <Item id="tcm:0-19-65544" title="Cascading%20style%20sheets" extension="tmt" itemType="MultimediaType" selected="false" exported="true" />
    <Item id="tcm:0-21-65544" title="Configuration%20settings" extension="tmt" itemType="MultimediaType" selected="false" exported="true" />
    <Item id="d853ab8788d74e309c2fe78e9f33be02" title="Everyone" extension="tgp" itemType="Group" selected="false" exported="false" />
    <Item id="tcm:0-5-65544" title="Excel%20sheet" extension="tmt" itemType="MultimediaType" selected="false" exported="true" />
    <Item id="tcm:0-11-65544" title="Executable" extension="tmt" itemType="MultimediaType" selected="false" exported="true" />
    <Item id="tcm:0-23-65544" title="Favicon" extension="tmt" itemType="MultimediaType" selected="false" exported="true" />
    <Item id="tcm:0-18-65544" title="Flash%20file" extension="tmt" itemType="MultimediaType" selected="false" exported="true" />
    <Item id="tcm:0-1-65544" title="Gif%20image" extension="tmt" itemType="MultimediaType" selected="false" exported="true" />
    <Item id="tcm:0-20-65544" title="Java%20script" extension="tmt" itemType="MultimediaType" selected="false" exported="true" />
    <Item id="tcm:0-2-65544" title="Jpeg%20image" extension="tmt" itemType="MultimediaType" selected="false" exported="true" />
    <Item id="tcm:0-12-65544" title="MSAccess%20database" extension="tmt" itemType="MultimediaType" selected="false" exported="true" />
    <Item id="tcm:0-16-65544" title="Mp3%20music" extension="tmt" itemType="MultimediaType" selected="false" exported="true" />
    <Item id="tcm:0-17-65544" title="Mpeg%20video" extension="tmt" itemType="MultimediaType" selected="false" exported="true" />
    <Item id="tcm:0-7-65544" title="Pdf%20document" extension="tmt" itemType="MultimediaType" selected="false" exported="true" />
    <Item id="tcm:0-9-65544" title="Plain%20text" extension="tmt" itemType="MultimediaType" selected="false" exported="true" />
    <Item id="tcm:0-3-65544" title="Png%20image" extension="tmt" itemType="MultimediaType" selected="false" exported="true" />
    <Item id="tcm:0-6-65544" title="Powerpoint%20presentation" extension="tmt" itemType="MultimediaType" selected="false" exported="true" />
    <Item id="tcm:0-15-65544" title="QuickTime%20movie" extension="tmt" itemType="MultimediaType" selected="false" exported="true" />
    <Item id="tcm:0-14-65544" title="Real%20player" extension="tmt" itemType="MultimediaType" selected="false" exported="true" />
    <Item id="tcm:0-10-65544" title="Rich%20text" extension="tmt" itemType="MultimediaType" selected="false" exported="true" />
    <Item id="tcm:0-8-65544" title="Sound%20file" extension="tmt" itemType="MultimediaType" selected="false" exported="true" />
    <Item id="tcm:0-4-65544" title="Word%20document" extension="tmt" itemType="MultimediaType" selected="false" exported="true" />
    <Item id="tcm:0-22-65544" title="Zip%20file" extension="tmt" itemType="MultimediaType" selected="false" exported="true" />
  </Item>
</Index>